Sample,Temperature,Absorbance,Pathlength
1,4.98,0.243331909,1
1,5.5,0.242050171,1
1,6.01,0.242507935,1
1,6.5,0.242584229,1
1,7.02,0.242614746,1
1,7.52,0.242553711,1
1,8.03,0.242980957,1
1,8.53,0.243225098,1
1,9.03,0.243301392,1
1,9.55,0.243103027,1
1,10.04,0.243392944,1
1,10.55,0.243408203,1
1,11.04,0.243453979,1
1,11.56,0.243606567,1
1,12.05,0.243331909,1
1,12.56,0.243621826,1
1,13.06,0.244338989,1
1,13.56,0.24407959,1
1,14.06,0.24420166,1
1,14.58,0.243942261,1
1,15.07,0.244598389,1
1,15.57,0.243896484,1
1,16.07,0.244110107,1
1,16.59,0.244232178,1
1,17.08,0.244827271,1
1,17.58,0.244812012,1
1,18.09,0.244720459,1
1,18.59,0.244567871,1
1,19.1,0.245178223,1
1,19.61,0.245056152,1
1,20.1,0.245605469,1
1,20.64,0.245193481,1
1,21.13,0.245651245,1
1,21.63,0.245956421,1
1,22.13,0.245895386,1
1,22.63,0.24597168,1
1,23.13,0.246856689,1
1,23.63,0.246459961,1
1,24.12,0.246826172,1
1,24.63,0.247909546,1
1,25.12,0.248458862,1
1,25.61,0.248275757,1
1,26.11,0.248352051,1
1,26.69,0.248550415,1
1,27.19,0.249816895,1
1,27.7,0.249755859,1
1,28.21,0.250717163,1
1,28.71,0.250717163,1
1,29.22,0.250900269,1
1,29.71,0.251098633,1
1,30.22,0.252502441,1
1,30.71,0.2525177,1
1,31.21,0.253143311,1
1,31.69,0.254501343,1
1,32.19,0.254455566,1
1,32.7,0.255020142,1
1,33.19,0.25567627,1
1,33.7,0.256774902,1
1,34.2,0.257614136,1
1,34.69,0.258239746,1
1,35.19,0.259033203,1
1,35.69,0.259735107,1
1,36.19,0.260864258,1
1,36.7,0.26109314,1
1,37.19,0.262496948,1
1,37.7,0.263198853,1
1,38.2,0.265274048,1
1,38.7,0.265975952,1
1,39.2,0.267074585,1
1,39.7,0.268936157,1
1,40.21,0.269256592,1
1,40.7,0.270339966,1
1,41.21,0.271728516,1
1,41.71,0.272949219,1
1,42.21,0.273361206,1
1,42.72,0.276107788,1
1,43.21,0.276443481,1
1,43.73,0.278503418,1
1,44.22,0.279098511,1
1,44.72,0.280090332,1
1,45.23,0.281600952,1
1,45.73,0.28086853,1
1,46.23,0.282546997,1
1,46.72,0.282958984,1
1,47.23,0.284576416,1
1,47.97,0.285217285,1
1,48.72,0.286468506,1
1,49.24,0.287094116,1
1,49.74,0.287658691,1
1,50.24,0.28868103,1
1,50.73,0.28894043,1
1,51.24,0.289169312,1
1,51.73,0.290206909,1
1,52.24,0.289871216,1
1,52.75,0.290405273,1
1,53.25,0.291152954,1
1,53.75,0.291030884,1
1,54.24,0.291870117,1
1,54.76,0.291717529,1
1,55.26,0.291244507,1
1,55.75,0.291824341,1
1,56.25,0.292160034,1
1,56.75,0.292037964,1
1,57.24,0.292999268,1
1,57.75,0.293258667,1
1,58.27,0.292648315,1
1,58.76,0.293014526,1
1,59.27,0.292907715,1
1,59.78,0.293457031,1
1,60.27,0.292114258,1
1,60.78,0.293792725,1
1,61.28,0.293258667,1
1,61.78,0.293777466,1
1,62.27,0.293640137,1
1,62.76,0.293655396,1
1,63.28,0.2940979,1
1,63.79,0.294113159,1
1,64.27,0.294433594,1
1,64.78,0.293930054,1
1,65.31,0.293945313,1
1,65.81,0.294326782,1
1,66.27,0.294723511,1
1,66.8,0.294036865,1
1,67.31,0.295639038,1
1,67.8,0.294784546,1
1,68.31,0.29473877,1
1,68.79,0.295028687,1
1,69.31,0.29548645,1
1,69.81,0.294830322,1
1,70.32,0.295028687,1
1,70.82,0.295669556,1
1,71.32,0.295227051,1
1,71.81,0.295806885,1
1,72.33,0.29574585,1
1,72.83,0.296142578,1
1,73.31,0.29586792,1
1,73.82,0.296218872,1
1,74.32,0.296325684,1
1,74.82,0.296829224,1
1,75.32,0.296173096,1
1,75.83,0.296966553,1
1,76.34,0.296646118,1
1,76.84,0.296691895,1
1,77.33,0.29737854,1
1,77.83,0.296981812,1
1,78.35,0.297332764,1
1,78.85,0.297805786,1
1,79.35,0.298126221,1
1,79.84,0.297836304,1
1,80.35,0.297546387,1
1,80.86,0.298095703,1
1,81.37,0.298233032,1
1,81.86,0.298706055,1
1,82.36,0.298324585,1
1,82.87,0.298583984,1
1,83.37,0.299072266,1
1,83.87,0.299591064,1
1,84.36,0.298873901,1
1,84.88,0.299499512,1
1,85.38,0.29977417,1
1,85.88,0.299697876,1
1,86.38,0.299606323,1
1,86.88,0.299987793,1
1,87.38,0.300216675,1
1,87.89,0.299499512,1
1,88.38,0.300872803,1
1,88.89,0.300216675,1
1,89.4,0.300552368,1
1,89.89,0.301239014,1
1,90.39,0.30065918,1
1,90.89,0.301040649,1
1,91.4,0.301437378,1
1,91.91,0.301483154,1
1,92.37,0.301437378,1
1,92.91,0.302246094,1
1,93.41,0.302398682,1
1,93.91,0.302536011,1
1,94.42,0.302215576,1
1,94.91,0.302398682,1
1,95.42,0.302642822,1
2,4.95,0.015136719,1
2,5.49,0.0132,1
2,5.98,0.013671875,1
2,6.51,0.013519287,1
2,7,0.0138,1
2,7.51,0.0141,1
2,7.99,0.013458252,1
2,8.51,0.0136,1
2,9.01,0.013275146,1
2,9.53,0.014,1
2,10.02,0.013671875,1
2,10.52,0.0138,1
2,11.02,0.014,1
2,11.52,0.0137,1
2,12.03,0.013580322,1
2,12.53,0.0136,1
2,13.05,0.013793945,1
2,13.55,0.0138,1
2,14.05,0.013458252,1
2,14.55,0.0139,1
2,15.06,0.013519287,1
2,15.56,0.0137,1
2,16.05,0.0134,1
2,16.56,0.0138,1
2,17.06,0.013916016,1
2,17.57,0.0136,1
2,18.06,0.013702393,1
2,18.57,0.014,1
2,19.07,0.014251709,1
2,19.58,0.014038086,1
2,20.08,0.0137,1
2,20.63,0.014068604,1
2,21.11,0.0137,1
2,21.61,0.013793945,1
2,22.12,0.0137,1
2,22.61,0.014160156,1
2,23.12,0.0137,1
2,23.62,0.0139,1
2,24.11,0.013946533,1
2,24.62,0.0141,1
2,25.1,0.014099121,1
2,25.6,0.014221191,1
2,26.11,0.014221191,1
2,26.64,0.0138,1
2,27.17,0.013885498,1
2,27.67,0.0143,1
2,28.19,0.013458252,1
2,28.69,0.0141,1
2,29.18,0.0141,1
2,29.69,0.0142,1
2,30.18,0.0138,1
2,30.69,0.01449585,1
2,31.19,0.014,1
2,31.69,0.0144,1
2,32.19,0.0142,1
2,32.68,0.0143,1
2,33.18,0.014770508,1
2,33.67,0.01449585,1
2,34.16,0.014434814,1
2,34.66,0.014953613,1
2,35.17,0.0143,1
2,35.67,0.0148,1
2,36.17,0.0143,1
2,36.68,0.014343262,1
2,37.17,0.0145,1
2,37.67,0.014526367,1
2,38.17,0.014709473,1
2,38.67,0.0142,1
2,39.19,0.0145,1
2,39.69,0.014,1
2,40.19,0.014373779,1
2,40.69,0.0142,1
2,41.2,0.014,1
2,41.7,0.0144,1
2,42.21,0.0136,1
2,42.7,0.0137,1
2,43.2,0.013916016,1
2,43.7,0.014068604,1
2,44.21,0.014404297,1
2,44.72,0.0139,1
2,45.21,0.0136,1
2,45.71,0.0135,1
2,46.21,0.0134,1
2,46.72,0.013275146,1
2,47.22,0.0131,1
2,47.95,0.015289307,1
2,48.71,0.0134,1
2,49.22,0.013305664,1
2,49.74,0.013458252,1
2,50.23,0.013641357,1
2,50.73,0.0131,1
2,51.23,0.0132,1
2,51.75,0.013458252,1
2,52.24,0.0135,1
2,52.75,0.0134,1
2,53.25,0.013885498,1
2,53.73,0.0136,1
2,54.25,0.014190674,1
2,54.76,0.0137,1
2,55.24,0.0141,1
2,55.73,0.0144,1
2,56.25,0.013916016,1
2,56.76,0.0141,1
2,57.26,0.0145,1
2,57.76,0.0145,1
2,58.26,0.0145,1
2,58.76,0.014770508,1
2,59.26,0.014556885,1
2,59.77,0.014770508,1
2,60.28,0.014892578,1
2,60.77,0.0148,1
2,61.25,0.015319824,1
2,61.77,0.015075684,1
2,62.26,0.015167236,1
2,62.75,0.015319824,1
2,63.28,0.014953613,1
2,63.79,0.0154,1
2,64.27,0.0156,1
2,64.79,0.015777588,1
2,65.28,0.0155,1
2,65.81,0.0154,1
2,66.3,0.015380859,1
2,66.78,0.0161,1
2,67.29,0.0163,1
2,67.8,0.0164,1
2,68.31,0.0166,1
2,68.81,0.016693115,1
2,69.31,0.017,1
2,69.81,0.016082764,1
2,70.32,0.0163,1
2,70.83,0.0177,1
2,71.33,0.016784668,1
2,71.82,0.016693115,1
2,72.33,0.0173,1
2,72.83,0.0173,1
2,73.33,0.018005371,1
2,73.83,0.018066406,1
2,74.34,0.0179,1
2,74.83,0.0179,1
2,75.34,0.0182,1
2,75.83,0.0184,1
2,76.35,0.0188,1
2,76.84,0.018554688,1
2,77.33,0.018920898,1
2,77.85,0.0186,1
2,78.36,0.0197,1
2,78.86,0.019470215,1
2,79.36,0.0195,1
2,79.84,0.0199,1
2,80.37,0.019958496,1
2,80.87,0.0201,1
2,81.37,0.0202,1
2,81.87,0.020019531,1
2,82.38,0.0212,1
2,82.88,0.020599365,1
2,83.39,0.021118164,1
2,83.88,0.021514893,1
2,84.39,0.02130127,1
2,84.89,0.021575928,1
2,85.39,0.0219,1
2,85.89,0.022491455,1
2,86.37,0.0218,1
2,86.9,0.0225,1
2,87.4,0.0222,1
2,87.9,0.022796631,1
2,88.41,0.024230957,1
2,88.91,0.023773193,1
2,89.41,0.0229,1
2,89.91,0.023651123,1
2,90.41,0.024475098,1
2,90.92,0.0236,1
2,91.42,0.0245,1
2,91.87,0.0246,1
2,92.42,0.0252,1
2,92.93,0.025390625,1
2,93.42,0.0252,1
2,93.93,0.02545166,1
2,94.43,0.0262146,1
2,94.94,0.0259,1
2,95.38,0.0262146,1
3,4.95,0.654815674,1
3,5.5,0.650558472,1
3,5.98,0.652404785,1
3,6.51,0.653503418,1
3,7,0.654098511,1
3,7.51,0.655548096,1
3,8,0.656387329,1
3,8.51,0.657073975,1
3,9.01,0.658294678,1
3,9.53,0.65852356,1
3,10.03,0.659683228,1
3,10.52,0.660308838,1
3,11.02,0.66078186,1
3,11.53,0.662017822,1
3,12.04,0.662445068,1
3,12.54,0.663284302,1
3,13.05,0.664230347,1
3,13.55,0.664337158,1
3,14.05,0.665176392,1
3,14.56,0.665969849,1
3,15.06,0.666763306,1
3,15.56,0.668716431,1
3,16.06,0.668945313,1
3,16.56,0.669891357,1
3,17.06,0.670516968,1
3,17.57,0.671096802,1
3,18.07,0.671142578,1
3,18.58,0.671936035,1
3,19.07,0.672515869,1
3,19.59,0.67300415,1
3,20.08,0.673110962,1
3,20.63,0.673690796,1
3,21.11,0.673873901,1
3,21.62,0.674301147,1
3,22.12,0.674591064,1
3,22.62,0.675201416,1
3,23.12,0.67628479,1
3,23.61,0.676315308,1
3,24.12,0.676940918,1
3,24.61,0.677230835,1
3,25.11,0.677139282,1
3,25.61,0.677505493,1
3,26.11,0.678100586,1
3,26.64,0.678909302,1
3,27.17,0.679000854,1
3,27.68,0.679824829,1
3,28.2,0.680160522,1
3,28.69,0.680541992,1
3,29.18,0.681045532,1
3,29.7,0.681655884,1
3,30.18,0.682403564,1
3,30.69,0.682952881,1
3,31.2,0.683731079,1
3,31.69,0.684112549,1
3,32.19,0.684585571,1
3,32.68,0.685302734,1
3,33.18,0.686340332,1
3,33.68,0.686843872,1
3,34.17,0.687911987,1
3,34.67,0.688552856,1
3,35.17,0.690338135,1
3,35.67,0.690673828,1
3,36.17,0.691986084,1
3,36.68,0.692977905,1
3,37.17,0.694122314,1
3,37.68,0.695327759,1
3,38.18,0.696502686,1
3,38.68,0.699813843,1
3,39.19,0.701293945,1
3,39.69,0.702209473,1
3,40.19,0.703552246,1
3,40.69,0.706939697,1
3,41.2,0.707870483,1
3,41.7,0.710464478,1
3,42.21,0.712875366,1
3,42.71,0.715209961,1
3,43.21,0.717758179,1
3,43.71,0.719711304,1
3,44.21,0.722900391,1
3,44.72,0.726486206,1
3,45.21,0.728256226,1
3,45.71,0.730789185,1
3,46.22,0.733856201,1
3,46.72,0.737411499,1
3,47.22,0.738479614,1
3,47.95,0.747146606,1
3,48.71,0.745819092,1
3,49.23,0.747879028,1
3,49.73,0.749008179,1
3,50.23,0.750656128,1
3,50.73,0.751968384,1
3,51.24,0.753631592,1
3,51.75,0.756027222,1
3,52.24,0.756652832,1
3,52.74,0.757675171,1
3,53.26,0.759353638,1
3,53.74,0.760848999,1
3,54.25,0.761779785,1
3,54.76,0.76361084,1
3,55.24,0.764846802,1
3,55.73,0.76461792,1
3,56.25,0.765411377,1
3,56.76,0.766494751,1
3,57.26,0.767501831,1
3,57.76,0.767532349,1
3,58.26,0.768997192,1
3,58.77,0.769241333,1
3,59.26,0.769378662,1
3,59.77,0.769363403,1
3,60.28,0.770385742,1
3,60.77,0.770172119,1
3,61.26,0.771179199,1
3,61.77,0.771987915,1
3,62.27,0.772354126,1
3,62.76,0.772033691,1
3,63.27,0.772018433,1
3,63.8,0.772842407,1
3,64.27,0.772537231,1
3,64.8,0.773132324,1
3,65.28,0.773208618,1
3,65.8,0.773574829,1
3,66.31,0.775009155,1
3,66.79,0.773696899,1
3,67.29,0.774200439,1
3,67.8,0.77545166,1
3,68.31,0.774520874,1
3,68.82,0.774688721,1
3,69.32,0.774688721,1
3,69.81,0.774719238,1
3,70.32,0.775024414,1
3,70.83,0.775268555,1
3,71.33,0.775634766,1
3,71.82,0.776062012,1
3,72.33,0.776199341,1
3,72.83,0.776168823,1
3,73.33,0.776504517,1
3,73.84,0.776596069,1
3,74.34,0.776947021,1
3,74.83,0.776580811,1
3,75.34,0.777252197,1
3,75.83,0.777511597,1
3,76.35,0.777587891,1
3,76.84,0.778121948,1
3,77.33,0.778778076,1
3,77.85,0.777893066,1
3,78.36,0.778778076,1
3,78.86,0.779098511,1
3,79.36,0.778793335,1
3,79.84,0.779495239,1
3,80.37,0.779434204,1
3,80.88,0.77897644,1
3,81.38,0.779541016,1
3,81.88,0.780151367,1
3,82.38,0.780059814,1
3,82.88,0.780227661,1
3,83.39,0.780426025,1
3,83.89,0.780471802,1
3,84.39,0.780548096,1
3,84.89,0.780303955,1
3,85.4,0.781341553,1
3,85.9,0.780532837,1
3,86.38,0.781173706,1
3,86.91,0.781524658,1
3,87.4,0.781188965,1
3,87.91,0.781387329,1
3,88.41,0.782440186,1
3,88.91,0.782043457,1
3,89.41,0.782211304,1
3,89.92,0.782440186,1
3,90.42,0.782394409,1
3,90.92,0.782333374,1
3,91.42,0.783813477,1
3,91.89,0.783660889,1
3,92.43,0.783370972,1
3,92.93,0.783081055,1
3,93.43,0.783294678,1
3,93.93,0.783599854,1
3,94.43,0.783660889,1
3,94.94,0.784881592,1
3,95.38,0.783981323,1
4,4.94,0.640029907,1
4,5.5,0.638778687,1
4,6,0.639434814,1
4,6.51,0.639755249,1
4,7,0.640487671,1
4,7.52,0.640487671,1
4,8,0.64112854,1
4,8.52,0.641204834,1
4,9.01,0.641098022,1
4,9.54,0.641525269,1
4,10.03,0.641662598,1
4,10.52,0.642578125,1
4,11.03,0.642333984,1
4,11.54,0.642776489,1
4,12.03,0.642272949,1
4,12.54,0.64289856,1
4,13.05,0.643569946,1
4,13.55,0.643234253,1
4,14.05,0.64390564,1
4,14.56,0.644058228,1
4,15.06,0.643814087,1
4,15.56,0.643875122,1
4,16.06,0.645294189,1
4,16.56,0.644714355,1
4,17.06,0.64465332,1
4,17.57,0.645172119,1
4,18.07,0.645294189,1
4,18.58,0.646286011,1
4,19.08,0.646057129,1
4,19.59,0.646331787,1
4,20.09,0.646835327,1
4,20.63,0.646835327,1
4,21.12,0.646972656,1
4,21.62,0.647598267,1
4,22.12,0.648147583,1
4,22.61,0.648178101,1
4,23.12,0.64855957,1
4,23.62,0.649246216,1
4,24.12,0.649597168,1
4,24.62,0.649856567,1
4,25.12,0.650527954,1
4,25.61,0.651168823,1
4,26.11,0.651519775,1
4,26.65,0.652191162,1
4,27.19,0.652404785,1
4,27.69,0.653533936,1
4,28.2,0.654510498,1
4,28.7,0.655181885,1
4,29.19,0.655334473,1
4,29.7,0.656219482,1
4,30.19,0.657302856,1
4,30.7,0.658096313,1
4,31.2,0.659042358,1
4,31.69,0.660858154,1
4,32.18,0.661437988,1
4,32.68,0.662658691,1
4,33.19,0.663803101,1
4,33.68,0.665008545,1
4,34.18,0.667007446,1
4,34.67,0.66809082,1
4,35.17,0.670730591,1
4,35.67,0.672302246,1
4,36.17,0.674377441,1
4,36.69,0.675643921,1
4,37.18,0.67779541,1
4,37.68,0.680099487,1
4,38.18,0.682678223,1
4,38.68,0.685317993,1
4,39.19,0.68800354,1
4,39.7,0.689743042,1
4,40.2,0.69342041,1
4,40.7,0.695983887,1
4,41.21,0.698745728,1
4,41.7,0.702087402,1
4,42.21,0.705108643,1
4,42.71,0.708480835,1
4,43.2,0.711502075,1
4,43.71,0.714569092,1
4,44.22,0.71836853,1
4,44.72,0.721740723,1
4,45.22,0.724639893,1
4,45.72,0.727615356,1
4,46.22,0.730819702,1
4,46.74,0.734466553,1
4,47.23,0.736999512,1
4,47.95,0.741760254,1
4,48.71,0.745681763,1
4,49.23,0.747421265,1
4,49.74,0.749938965,1
4,50.24,0.752655029,1
4,50.74,0.754196167,1
4,51.24,0.755844116,1
4,51.75,0.757400513,1
4,52.25,0.75869751,1
4,52.75,0.759628296,1
4,53.26,0.760940552,1
4,53.75,0.761383057,1
4,54.25,0.762283325,1
4,54.76,0.763092041,1
4,55.24,0.76399231,1
4,55.73,0.764938354,1
4,56.25,0.76499939,1
4,56.76,0.766052246,1
4,57.26,0.766220093,1
4,57.77,0.767272949,1
4,58.27,0.767532349,1
4,58.76,0.7684021,1
4,59.26,0.767669678,1
4,59.78,0.768066406,1
4,60.28,0.769348145,1
4,60.79,0.769317627,1
4,61.27,0.769805908,1
4,61.77,0.769470215,1
4,62.27,0.769699097,1
4,62.77,0.769866943,1
4,63.28,0.769271851,1
4,63.8,0.768753052,1
4,64.27,0.766616821,1
4,64.8,0.76701355,1
4,65.29,0.766387939,1
4,65.81,0.764358521,1
4,66.31,0.767379761,1
4,66.79,0.768066406,1
4,67.29,0.767211914,1
4,67.81,0.768783569,1
4,68.31,0.768447876,1
4,68.82,0.768783569,1
4,69.32,0.768630981,1
4,69.82,0.76940918,1
4,70.33,0.769348145,1
4,70.83,0.769836426,1
4,71.33,0.769668579,1
4,71.83,0.769805908,1
4,72.33,0.769943237,1
4,72.84,0.770751953,1
4,73.33,0.770751953,1
4,73.83,0.771011353,1
4,74.35,0.771575928,1
4,74.83,0.77142334,1
4,75.34,0.772140503,1
4,75.84,0.77180481,1
4,76.35,0.77130127,1
4,76.85,0.772293091,1
4,77.33,0.772003174,1
4,77.86,0.773239136,1
4,78.36,0.77230835,1
4,78.86,0.773040771,1
4,79.36,0.772842407,1
4,79.85,0.773422241,1
4,80.37,0.773513794,1
4,80.87,0.773376465,1
4,81.38,0.773330688,1
4,81.88,0.773971558,1
4,82.39,0.773910522,1
4,82.89,0.773788452,1
4,83.39,0.774780273,1
4,83.89,0.774032593,1
4,84.39,0.774307251,1
4,84.89,0.77444458,1
4,85.41,0.774230957,1
4,85.9,0.77583313,1
4,86.36,0.774887085,1
4,86.9,0.775497437,1
4,87.4,0.77507019,1
4,87.91,0.775878906,1
4,88.41,0.775146484,1
4,88.92,0.775634766,1
4,89.42,0.775726318,1
4,89.91,0.775772095,1
4,90.42,0.77557373,1
4,90.92,0.77633667,1
4,91.42,0.777587891,1
4,91.89,0.776382446,1
4,92.43,0.776596069,1
4,92.94,0.776916504,1
4,93.43,0.777008057,1
4,93.94,0.777069092,1
4,94.44,0.777374268,1
4,94.93,0.778671265,1
4,95.38,0.776611328,1
5,4.94,1.105499268,1
5,5.5,1.104919434,1
5,6,1.105209351,1
5,6.52,1.106552124,1
5,7.01,1.106628418,1
5,7.52,1.10760498,1
5,8.01,1.107452393,1
5,8.53,1.108337402,1
5,9.02,1.108200073,1
5,9.54,1.10836792,1
5,10.03,1.109786987,1
5,10.53,1.109008789,1
5,11.03,1.110275269,1
5,11.54,1.110610962,1
5,12.04,1.111053467,1
5,12.54,1.110931396,1
5,13.05,1.112121582,1
5,13.56,1.112411499,1
5,14.06,1.112762451,1
5,14.55,1.113082886,1
5,15.06,1.113235474,1
5,15.57,1.113418579,1
5,16.06,1.114059448,1
5,16.57,1.114959717,1
5,17.07,1.114685059,1
5,17.58,1.115447998,1
5,18.07,1.11555481,1
5,18.59,1.115432739,1
5,19.08,1.116043091,1
5,19.58,1.116241455,1
5,20.09,1.117996216,1
5,20.64,1.118453979,1
5,21.12,1.118286133,1
5,21.63,1.119338989,1
5,22.13,1.11958313,1
5,22.62,1.12046814,1
5,23.13,1.121612549,1
5,23.62,1.12159729,1
5,24.12,1.12210083,1
5,24.62,1.123550415,1
5,25.12,1.123580933,1
5,25.61,1.124710083,1
5,26.11,1.125579834,1
5,26.65,1.12600708,1
5,27.19,1.127197266,1
5,27.69,1.128753662,1
5,28.2,1.129516602,1
5,28.7,1.130584717,1
5,29.2,1.132263184,1
5,29.71,1.13230896,1
5,30.2,1.134765625,1
5,30.69,1.136276245,1
5,31.2,1.137649536,1
5,31.7,1.138885498,1
5,32.2,1.140838623,1
5,32.69,1.142700195,1
5,33.19,1.144363403,1
5,33.68,1.14680481,1
5,34.18,1.14944458,1
5,34.68,1.151107788,1
5,35.17,1.153915405,1
5,35.68,1.156005859,1
5,36.19,1.159454346,1
5,36.68,1.16116333,1
5,37.18,1.163864136,1
5,37.68,1.167419434,1
5,38.19,1.170898438,1
5,38.69,1.174850464,1
5,39.2,1.17930603,1
5,39.7,1.180297852,1
5,40.2,1.182922363,1
5,40.7,1.188476563,1
5,41.21,1.192596436,1
5,41.71,1.196228027,1
5,42.22,1.20149231,1
5,42.72,1.206054688,1
5,43.21,1.211074829,1
5,43.72,1.216018677,1
5,44.22,1.222671509,1
5,44.72,1.229873657,1
5,45.22,1.234039307,1
5,45.72,1.239562988,1
5,46.23,1.245559692,1
5,46.73,1.251190186,1
5,47.24,1.25579834,1
5,47.95,1.267929077,1
5,48.72,1.272750854,1
5,49.23,1.278182983,1
5,49.74,1.28338623,1
5,50.24,1.287353516,1
5,50.74,1.291229248,1
5,51.25,1.295455933,1
5,51.75,1.300430298,1
5,52.24,1.303390503,1
5,52.75,1.307067871,1
5,53.26,1.312133789,1
5,53.74,1.31350708,1
5,54.26,1.316513062,1
5,54.77,1.32069397,1
5,55.25,1.322891235,1
5,55.74,1.323486328,1
5,56.26,1.324676514,1
5,56.77,1.327713013,1
5,57.27,1.330612183,1
5,57.77,1.330657959,1
5,58.26,1.332763672,1
5,58.77,1.333328247,1
5,59.27,1.333709717,1
5,59.78,1.334274292,1
5,60.29,1.335952759,1
5,60.78,1.337341309,1
5,61.26,1.338668823,1
5,61.77,1.338302612,1
5,62.26,1.339660645,1
5,62.76,1.340484619,1
5,63.28,1.339996338,1
5,63.8,1.341964722,1
5,64.27,1.340209961,1
5,64.8,1.342941284,1
5,65.29,1.342102051,1
5,65.8,1.342803955,1
5,66.31,1.344055176,1
5,66.8,1.343704224,1
5,67.3,1.343185425,1
5,67.81,1.345153809,1
5,68.32,1.344390869,1
5,68.83,1.345230103,1
5,69.32,1.346130371,1
5,69.82,1.345428467,1
5,70.32,1.345901489,1
5,70.84,1.346374512,1
5,71.33,1.346633911,1
5,71.83,1.346511841,1
5,72.34,1.348419189,1
5,72.83,1.347259521,1
5,73.34,1.347946167,1
5,73.84,1.348129272,1
5,74.35,1.3490448,1
5,74.84,1.348144531,1
5,75.35,1.349075317,1
5,75.84,1.348175049,1
5,76.35,1.349151611,1
5,76.86,1.350418091,1
5,77.34,1.349853516,1
5,77.86,1.349746704,1
5,78.36,1.350372314,1
5,78.86,1.34992981,1
5,79.36,1.351669312,1
5,79.85,1.34992981,1
5,80.38,1.349746704,1
5,80.88,1.351287842,1
5,81.38,1.350662231,1
5,81.89,1.350814819,1
5,82.39,1.351287842,1
5,82.89,1.35118103,1
5,83.39,1.350814819,1
5,83.89,1.351516724,1
5,84.39,1.351959229,1
5,84.9,1.350921631,1
5,85.4,1.351806641,1
5,85.91,1.352996826,1
5,86.37,1.352508545,1
5,86.9,1.352249146,1
5,87.4,1.350479126,1
5,87.91,1.350418091,1
5,88.41,1.352096558,1
5,88.92,1.350662231,1
5,89.42,1.352142334,1
5,89.92,1.352005005,1
5,90.42,1.351150513,1
5,90.92,1.351028442,1
5,91.42,1.352874756,1
5,91.9,1.350997925,1
5,92.43,1.351486206,1
5,92.93,1.350997925,1
5,93.43,1.35144043,1
5,93.94,1.351516724,1
5,94.44,1.351577759,1
5,94.94,1.352386475,1
5,95.39,1.351806641,1
6,4.93,0.944046021,0.5
6,5.51,0.944351196,0.5
6,6,0.944671631,0.5
6,6.52,0.945678711,0.5
6,7.01,0.946136475,0.5
6,7.53,0.946380615,0.5
6,8.01,0.946807861,0.5
6,8.53,0.947357178,0.5
6,9.02,0.948074341,0.5
6,9.54,0.948287964,0.5
6,10.04,0.948699951,0.5
6,10.54,0.949325562,0.5
6,11.04,0.949707031,0.5
6,11.55,0.949951172,0.5
6,12.04,0.950057983,0.5
6,12.54,0.951583862,0.5
6,13.06,0.950744629,0.5
6,13.56,0.951782227,0.5
6,14.06,0.952575684,0.5
6,14.56,0.953277588,0.5
6,15.07,0.953536987,0.5
6,15.57,0.953170776,0.5
6,16.07,0.953399658,0.5
6,16.57,0.954345703,0.5
6,17.07,0.954223633,0.5
6,17.58,0.95513916,0.5
6,18.08,0.955566406,0.5
6,18.58,0.955780029,0.5
6,19.09,0.956832886,0.5
6,19.59,0.95715332,0.5
6,20.09,0.957504272,0.5
6,20.64,0.958023071,0.5
6,21.13,0.958724976,0.5
6,21.63,0.958892822,0.5
6,22.13,0.959197998,0.5
6,22.62,0.959854126,0.5
6,23.13,0.960449219,0.5
6,23.62,0.96156311,0.5
6,24.13,0.961166382,0.5
6,24.62,0.96232605,0.5
6,25.12,0.962371826,0.5
6,25.61,0.963256836,0.5
6,26.11,0.9634552,0.5
6,26.65,0.964233398,0.5
6,27.19,0.965194702,0.5
6,27.68,0.96647644,0.5
6,28.21,0.967285156,0.5
6,28.71,0.967529297,0.5
6,29.2,0.968688965,0.5
6,29.71,0.968841553,0.5
6,30.2,0.970321655,0.5
6,30.7,0.971405029,0.5
6,31.19,0.971847534,0.5
6,31.7,0.97328186,0.5
6,32.2,0.97454834,0.5
6,32.7,0.975585938,0.5
6,33.19,0.977279663,0.5
6,33.68,0.978424072,0.5
6,34.18,0.979522705,0.5
6,34.68,0.981933594,0.5
6,35.18,0.983047485,0.5
6,35.68,0.984695435,0.5
6,36.18,0.986923218,0.5
6,36.69,0.989349365,0.5
6,37.19,0.990982056,0.5
6,37.69,0.993286133,0.5
6,38.19,0.995376587,0.5
6,38.69,0.997879028,0.5
6,39.21,1.001449585,0.5
6,39.7,1.003097534,0.5
6,40.21,1.006393433,0.5
6,40.7,1.009643555,0.5
6,41.22,1.012939453,0.5
6,41.71,1.015716553,0.5
6,42.21,1.019790649,0.5
6,42.72,1.022521973,0.5
6,43.22,1.02684021,0.5
6,43.72,1.030960083,0.5
6,44.22,1.034118652,0.5
6,44.72,1.038467407,0.5
6,45.22,1.043884277,0.5
6,45.72,1.048339844,0.5
6,46.23,1.05329895,0.5
6,46.73,1.058242798,0.5
6,47.24,1.061798096,0.5
6,47.95,1.070831299,0.5
6,48.71,1.075866699,0.5
6,49.23,1.080322266,0.5
6,49.74,1.085922241,0.5
6,50.24,1.089828491,0.5
6,50.74,1.094589233,0.5
6,51.25,1.098007202,0.5
6,51.76,1.102798462,0.5
6,52.25,1.10635376,0.5
6,52.76,1.111083984,0.5
6,53.26,1.114807129,0.5
6,53.75,1.117294312,0.5
6,54.27,1.121047974,0.5
6,54.77,1.123687744,0.5
6,55.25,1.126190186,0.5
6,55.74,1.128433228,0.5
6,56.27,1.130584717,0.5
6,56.77,1.133132935,0.5
6,57.27,1.135223389,0.5
6,57.77,1.136199951,0.5
6,58.28,1.137924194,0.5
6,58.78,1.139816284,0.5
6,59.27,1.141311646,0.5
6,59.78,1.141723633,0.5
6,60.28,1.14213562,0.5
6,60.78,1.143554688,0.5
6,61.27,1.14541626,0.5
6,61.77,1.145874023,0.5
6,62.27,1.146102905,0.5
6,62.77,1.146896362,0.5
6,63.29,1.147735596,0.5
6,63.8,1.149169922,0.5
6,64.28,1.148574829,0.5
6,64.81,1.149505615,0.5
6,65.29,1.151199341,0.5
6,65.81,1.151351929,0.5
6,66.31,1.151870728,0.5
6,66.8,1.15296936,0.5
6,67.3,1.152877808,0.5
6,67.81,1.154342651,0.5
6,68.32,1.155273438,0.5
6,68.82,1.15687561,0.5
6,69.32,1.158889771,0.5
6,69.82,1.158325195,0.5
6,70.33,1.159423828,0.5
6,70.84,1.160186768,0.5
6,71.33,1.161911011,0.5
6,71.83,1.161590576,0.5
6,72.34,1.162445068,0.5
6,72.84,1.162185669,0.5
6,73.34,1.163162231,0.5
6,73.84,1.164596558,0.5
6,74.35,1.164169312,0.5
6,74.84,1.163162231,0.5
6,75.35,1.163040161,0.5
6,75.84,1.161437988,0.5
6,76.36,1.161605835,0.5
6,76.85,1.162948608,0.5
6,77.34,1.162063599,0.5
6,77.86,1.162002563,0.5
6,78.36,1.161346436,0.5
6,78.86,1.161590576,0.5
6,79.37,1.163085938,0.5
6,79.85,1.162643433,0.5
6,80.38,1.162155151,0.5
6,80.88,1.161087036,0.5
6,81.38,1.162582397,0.5
6,81.88,1.162033081,0.5
6,82.39,1.161865234,0.5
6,82.89,1.161529541,0.5
6,83.39,1.162872314,0.5
6,83.88,1.161422729,0.5
6,84.39,1.162322998,0.5
6,84.89,1.162322998,0.5
6,85.4,1.161651611,0.5
6,85.9,1.162445068,0.5
6,86.38,1.162704468,0.5
6,86.9,1.161636353,0.5
6,87.4,1.162567139,0.5
6,87.91,1.162078857,0.5
6,88.41,1.161422729,0.5
6,88.92,1.162277222,0.5
6,89.42,1.162368774,0.5
6,89.92,1.162078857,0.5
6,90.42,1.162368774,0.5
6,90.92,1.161697388,0.5
6,91.42,1.162628174,0.5
6,91.89,1.161437988,0.5
6,92.43,1.161529541,0.5
6,92.93,1.162704468,0.5
6,93.43,1.161895752,0.5
6,93.93,1.162628174,0.5
6,94.43,1.162445068,0.5
6,94.94,1.162902832,0.5
6,95.39,1.162002563,0.5
7,4.93,1.496200562,0.5
7,5.51,1.498886108,0.5
7,6,1.49836731,0.5
7,6.53,1.500442505,0.5
7,7.01,1.502166748,0.5
7,7.52,1.502792358,0.5
7,8.01,1.50352478,0.5
7,8.53,1.503723145,0.5
7,9.02,1.504989624,0.5
7,9.54,1.506195068,0.5
7,10.04,1.506774902,0.5
7,10.54,1.505935669,0.5
7,11.04,1.509185791,0.5
7,11.55,1.510421753,0.5
7,12.04,1.509780884,0.5
7,12.55,1.513397217,0.5
7,13.06,1.511001587,0.5
7,13.56,1.512008667,0.5
7,14.06,1.512283325,0.5
7,14.57,1.513458252,0.5
7,15.07,1.513412476,0.5
7,15.57,1.513778687,0.5
7,16.08,1.516799927,0.5
7,16.57,1.517547607,0.5
7,17.08,1.517425537,0.5
7,17.59,1.518295288,0.5
7,18.08,1.519271851,0.5
7,18.59,1.520629883,0.5
7,19.09,1.520294189,0.5
7,19.59,1.521865845,0.5
7,20.1,1.522262573,0.5
7,20.64,1.524276733,0.5
7,21.12,1.524734497,0.5
7,21.64,1.52532959,0.5
7,22.14,1.525009155,0.5
7,22.63,1.527099609,0.5
7,23.13,1.528366089,0.5
7,23.62,1.529205322,0.5
7,24.12,1.530136108,0.5
7,24.63,1.530029297,0.5
7,25.12,1.531188965,0.5
7,25.62,1.531311035,0.5
7,26.12,1.533050537,0.5
7,26.65,1.533706665,0.5
7,27.19,1.535461426,0.5
7,27.69,1.536911011,0.5
7,28.21,1.537612915,0.5
7,28.71,1.539627075,0.5
7,29.2,1.540420532,0.5
7,29.71,1.540374756,0.5
7,30.21,1.54347229,0.5
7,30.7,1.543579102,0.5
7,31.2,1.545822144,0.5
7,31.71,1.546966553,0.5
7,32.21,1.550857544,0.5
7,32.7,1.550964355,0.5
7,33.19,1.553482056,0.5
7,33.69,1.555908203,0.5
7,34.19,1.556610107,0.5
7,34.69,1.557723999,0.5
7,35.18,1.560943604,0.5
7,35.69,1.563522339,0.5
7,36.18,1.565383911,0.5
7,36.69,1.569137573,0.5
7,37.19,1.571578979,0.5
7,37.69,1.574584961,0.5
7,38.2,1.577911377,0.5
7,38.69,1.58140564,0.5
7,39.21,1.58366394,0.5
7,39.7,1.587905884,0.5
7,40.21,1.59211731,0.5
7,40.71,1.596420288,0.5
7,41.22,1.601577759,0.5
7,41.71,1.60446167,0.5
7,42.22,1.609512329,0.5
7,42.72,1.615158081,0.5
7,43.22,1.619430542,0.5
7,43.72,1.62562561,0.5
7,44.23,1.630706787,0.5
7,44.73,1.634933472,0.5
7,45.23,1.6431427,0.5
7,45.72,1.649765015,0.5
7,46.24,1.654541016,0.5
7,46.74,1.662017822,0.5
7,47.24,1.667999268,0.5
7,47.94,1.680541992,0.5
7,48.72,1.687850952,0.5
7,49.24,1.69883728,0.5
7,49.75,1.704803467,0.5
7,50.24,1.712585449,0.5
7,50.75,1.720169067,0.5
7,51.25,1.726242065,0.5
7,51.76,1.7315979,0.5
7,52.26,1.742080688,0.5
7,52.76,1.750015259,0.5
7,53.26,1.754653931,0.5
7,53.75,1.762557983,0.5
7,54.26,1.769058228,0.5
7,54.77,1.774887085,0.5
7,55.26,1.781082153,0.5
7,55.74,1.784362793,0.5
7,56.27,1.790786743,0.5
7,56.78,1.794342041,0.5
7,57.27,1.800933838,0.5
7,57.78,1.803878784,0.5
7,58.28,1.807113647,0.5
7,58.78,1.81048584,0.5
7,59.27,1.814208984,0.5
7,59.79,1.813461304,0.5
7,60.29,1.818283081,0.5
7,60.79,1.822311401,0.5
7,61.27,1.821640015,0.5
7,61.77,1.82460022,0.5
7,62.28,1.827789307,0.5
7,62.78,1.826583862,0.5
7,63.29,1.827682495,0.5
7,63.8,1.828338623,0.5
7,64.28,1.829772949,0.5
7,64.8,1.830001831,0.5
7,65.29,1.832885742,0.5
7,65.82,1.833679199,0.5
7,66.32,1.835128784,0.5
7,66.8,1.834899902,0.5
7,67.3,1.834915161,0.5
7,67.81,1.835693359,0.5
7,68.31,1.836364746,0.5
7,68.82,1.836486816,0.5
7,69.33,1.838043213,0.5
7,69.82,1.839401245,0.5
7,70.33,1.836914063,0.5
7,70.84,1.839065552,0.5
7,71.33,1.838623047,0.5
7,71.83,1.838973999,0.5
7,72.34,1.841796875,0.5
7,72.84,1.838180542,0.5
7,73.34,1.841217041,0.5
7,73.84,1.841567993,0.5
7,74.35,1.841003418,0.5
7,74.84,1.841796875,0.5
7,75.35,1.841003418,0.5
7,75.84,1.842834473,0.5
7,76.35,1.842605591,0.5
7,76.85,1.841918945,0.5
7,77.34,1.845474243,0.5
7,77.86,1.842376709,0.5
7,78.36,1.845108032,0.5
7,78.87,1.842941284,0.5
7,79.37,1.845108032,0.5
7,79.85,1.845230103,0.5
7,80.38,1.843154907,0.5
7,80.88,1.843154907,0.5
7,81.38,1.845565796,0.5
7,81.89,1.847076416,0.5
7,82.4,1.844894409,0.5
7,82.9,1.844299316,0.5
7,83.39,1.844543457,0.5
7,83.9,1.842941284,0.5
7,84.4,1.846496582,0.5
7,84.9,1.843734741,0.5
7,85.41,1.843856812,0.5
7,85.9,1.845809937,0.5
7,86.37,1.846725464,0.5
7,86.9,1.844543457,0.5
7,87.41,1.844192505,0.5
7,87.92,1.844543457,0.5
7,88.41,1.844894409,0.5
7,88.92,1.843734741,0.5
7,89.42,1.846603394,0.5
7,89.92,1.846389771,0.5
7,90.42,1.847427368,0.5
7,90.92,1.84487915,0.5
7,91.43,1.844085693,0.5
7,91.89,1.844085693,0.5
7,92.43,1.845230103,0.5
7,92.93,1.843856812,0.5
7,93.44,1.844421387,0.5
7,93.93,1.842834473,0.5
7,94.44,1.847305298,0.5
7,94.94,1.845001221,0.5
7,95.4,1.846618652,0.5
8,4.93,0.489135742,0.1
8,5.49,0.489547729,0.1
8,6.01,0.489486694,0.1
8,6.51,0.489685059,0.1
8,7.02,0.489715576,0.1
8,7.5,0.49029541,0.1
8,8.02,0.490570068,0.1
8,8.53,0.490783691,0.1
8,9.03,0.491149902,0.1
8,9.53,0.491760254,0.1
8,10.04,0.492004395,0.1
8,10.54,0.492523193,0.1
8,11.04,0.492538452,0.1
8,11.54,0.492553711,0.1
8,12.05,0.491653442,0.1
8,12.55,0.492736816,0.1
8,13.05,0.493927002,0.1
8,13.56,0.493637085,0.1
8,14.06,0.493637085,0.1
8,14.56,0.493865967,0.1
8,15.06,0.493209839,0.1
8,15.58,0.494567871,0.1
8,16.07,0.494842529,0.1
8,16.57,0.495330811,0.1
8,17.07,0.495117188,0.1
8,17.57,0.494781494,0.1
8,18.08,0.496520996,0.1
8,18.58,0.495269775,0.1
8,19.09,0.495666504,0.1
8,19.6,0.495941162,0.1
8,20.11,0.496688843,0.1
8,20.65,0.497299194,0.1
8,21.14,0.497695923,0.1
8,21.65,0.497756958,0.1
8,22.14,0.497406006,0.1
8,22.64,0.498016357,0.1
8,23.14,0.498809814,0.1
8,23.63,0.49772644,0.1
8,24.13,0.499282837,0.1
8,24.62,0.499328613,0.1
8,25.12,0.49961853,0.1
8,25.62,0.500350952,0.1
8,26.12,0.500534058,0.1
8,26.65,0.500686646,0.1
8,27.19,0.500930786,0.1
8,27.69,0.502731323,0.1
8,28.19,0.50201416,0.1
8,28.69,0.502532959,0.1
8,29.18,0.5027771,0.1
8,29.69,0.503265381,0.1
8,30.17,0.50402832,0.1
8,30.67,0.504089355,0.1
8,31.18,0.505218506,0.1
8,31.67,0.505401611,0.1
8,32.18,0.50604248,0.1
8,32.67,0.506225586,0.1
8,33.18,0.507110596,0.1
8,33.67,0.50743103,0.1
8,34.17,0.507949829,0.1
8,34.67,0.508865356,0.1
8,35.18,0.509368896,0.1
8,35.68,0.510513306,0.1
8,36.19,0.511108398,0.1
8,36.69,0.513061523,0.1
8,37.19,0.513717651,0.1
8,37.69,0.514343262,0.1
8,38.19,0.513885498,0.1
8,38.7,0.515838623,0.1
8,39.2,0.516815186,0.1
8,39.7,0.517913818,0.1
8,40.2,0.518936157,0.1
8,40.7,0.521408081,0.1
8,41.2,0.522689819,0.1
8,41.71,0.523178101,0.1
8,42.22,0.524688721,0.1
8,42.71,0.527099609,0.1
8,43.21,0.528701782,0.1
8,43.71,0.530639648,0.1
8,44.21,0.531692505,0.1
8,44.72,0.533309937,0.1
8,45.23,0.535583496,0.1
8,45.72,0.537490845,0.1
8,46.22,0.539901733,0.1
8,46.71,0.543060303,0.1
8,47.22,0.54510498,0.1
8,47.96,0.5496521,0.1
8,48.72,0.551895142,0.1
8,49.24,0.554031372,0.1
8,49.72,0.558395386,0.1
8,50.24,0.559997559,0.1
8,50.75,0.563049316,0.1
8,51.24,0.565795898,0.1
8,51.75,0.569076538,0.1
8,52.23,0.569885254,0.1
8,52.75,0.573471069,0.1
8,53.25,0.576843262,0.1
8,53.76,0.578338623,0.1
8,54.26,0.580352783,0.1
8,54.74,0.583358765,0.1
8,55.24,0.585250854,0.1
8,55.75,0.587219238,0.1
8,56.25,0.588394165,0.1
8,56.77,0.590454102,0.1
8,57.24,0.591918945,0.1
8,57.76,0.594024658,0.1
8,58.24,0.59487915,0.1
8,58.77,0.597213745,0.1
8,59.27,0.597610474,0.1
8,59.77,0.599029541,0.1
8,60.28,0.59928894,0.1
8,60.78,0.600341797,0.1
8,61.28,0.60118103,0.1
8,61.76,0.602157593,0.1
8,62.29,0.602493286,0.1
8,62.77,0.602722168,0.1
8,63.3,0.604248047,0.1
8,63.79,0.604537964,0.1
8,64.3,0.604202271,0.1
8,64.76,0.604904175,0.1
8,65.31,0.605407715,0.1
8,65.79,0.606307983,0.1
8,66.31,0.606307983,0.1
8,66.82,0.606231689,0.1
8,67.32,0.606536865,0.1
8,67.82,0.607727051,0.1
8,68.31,0.607025146,0.1
8,68.83,0.607955933,0.1
8,69.33,0.606674194,0.1
8,69.83,0.607650757,0.1
8,70.34,0.60786438,0.1
8,70.84,0.608062744,0.1
8,71.33,0.608566284,0.1
8,71.82,0.608276367,0.1
8,72.34,0.608154297,0.1
8,72.79,0.608306885,0.1
8,73.34,0.608581543,0.1
8,73.85,0.609771729,0.1
8,74.33,0.609161377,0.1
8,74.85,0.608291626,0.1
8,75.35,0.609832764,0.1
8,75.85,0.609664917,0.1
8,76.35,0.609237671,0.1
8,76.86,0.608840942,0.1
8,77.35,0.609344482,0.1
8,77.86,0.609512329,0.1
8,78.36,0.610305786,0.1
8,78.86,0.609375,0.1
8,79.37,0.60949707,0.1
8,79.88,0.609176636,0.1
8,80.36,0.609054565,0.1
8,80.84,0.609375,0.1
8,81.37,0.609588623,0.1
8,81.88,0.608718872,0.1
8,82.38,0.609161377,0.1
8,82.88,0.608718872,0.1
8,83.38,0.60975647,0.1
8,83.88,0.608932495,0.1
8,84.35,0.609680176,0.1
8,84.89,0.608886719,0.1
8,85.4,0.609237671,0.1
8,85.9,0.608139038,0.1
8,86.4,0.607894897,0.1
8,86.9,0.607498169,0.1
8,87.39,0.608047485,0.1
8,87.89,0.608612061,0.1
8,88.41,0.607559204,0.1
8,88.91,0.607421875,0.1
8,89.41,0.608718872,0.1
8,89.91,0.608566284,0.1
8,90.41,0.607543945,0.1
8,90.91,0.606567383,0.1
8,91.41,0.606842041,0.1
8,91.92,0.607192993,0.1
8,92.42,0.607452393,0.1
8,92.92,0.606506348,0.1
8,93.41,0.6065979,0.1
8,93.92,0.60697937,0.1
8,94.41,0.605163574,0.1
8,94.91,0.605819702,0.1
8,95.43,0.605941772,0.1
9,4.93,0.767181396,0.1
9,5.49,0.768218994,0.1
9,6.02,0.768936157,0.1
9,6.51,0.769332886,0.1
9,7.02,0.769592285,0.1
9,7.51,0.770065308,0.1
9,8.03,0.771530151,0.1
9,8.53,0.771469116,0.1
9,9.04,0.771881104,0.1
9,9.53,0.772247314,0.1
9,10.04,0.772628784,0.1
9,10.54,0.773269653,0.1
9,11.04,0.773620605,0.1
9,11.54,0.774353027,0.1
9,12.05,0.774765015,0.1
9,12.56,0.774795532,0.1
9,13.06,0.775894165,0.1
9,13.56,0.776428223,0.1
9,14.07,0.776473999,0.1
9,14.57,0.776626587,0.1
9,15.07,0.777069092,0.1
9,15.57,0.778091431,0.1
9,16.07,0.777679443,0.1
9,16.57,0.778518677,0.1
9,17.08,0.779449463,0.1
9,17.58,0.779800415,0.1
9,18.08,0.780838013,0.1
9,18.59,0.780731201,0.1
9,19.1,0.780700684,0.1
9,19.61,0.781341553,0.1
9,20.12,0.781951904,0.1
9,20.65,0.782775879,0.1
9,21.14,0.78263855,0.1
9,21.66,0.783172607,0.1
9,22.14,0.783416748,0.1
9,22.64,0.784225464,0.1
9,23.14,0.784317017,0.1
9,23.64,0.784515381,0.1
9,24.14,0.785339355,0.1
9,24.62,0.785858154,0.1
9,25.12,0.786331177,0.1
9,25.62,0.786651611,0.1
9,26.12,0.787124634,0.1
9,26.66,0.788482666,0.1
9,27.2,0.788696289,0.1
9,27.7,0.789154053,0.1
9,28.2,0.789886475,0.1
9,28.7,0.790466309,0.1
9,29.18,0.79119873,0.1
9,29.7,0.791168213,0.1
9,30.18,0.792282104,0.1
9,30.68,0.79359436,0.1
9,31.19,0.793624878,0.1
9,31.68,0.794815063,0.1
9,32.18,0.795532227,0.1
9,32.67,0.796173096,0.1
9,33.17,0.797103882,0.1
9,33.68,0.798324585,0.1
9,34.18,0.798614502,0.1
9,34.67,0.799865723,0.1
9,35.18,0.800613403,0.1
9,35.68,0.801635742,0.1
9,36.19,0.803085327,0.1
9,36.69,0.80418396,0.1
9,37.19,0.80519104,0.1
9,37.7,0.806167603,0.1
9,38.2,0.808151245,0.1
9,38.69,0.809875488,0.1
9,39.2,0.81098938,0.1
9,39.7,0.812683105,0.1
9,40.21,0.814849854,0.1
9,40.7,0.816513062,0.1
9,41.21,0.818206787,0.1
9,41.71,0.820159912,0.1
9,42.22,0.822463989,0.1
9,42.71,0.82484436,0.1
9,43.22,0.827331543,0.1
9,43.71,0.829498291,0.1
9,44.22,0.832473755,0.1
9,44.72,0.834655762,0.1
9,45.23,0.838180542,0.1
9,45.73,0.841445923,0.1
9,46.21,0.844329834,0.1
9,46.71,0.847686768,0.1
9,47.22,0.850921631,0.1
9,47.96,0.858596802,0.1
9,48.72,0.862594604,0.1
9,49.23,0.866210938,0.1
9,49.73,0.870941162,0.1
9,50.24,0.874099731,0.1
9,50.75,0.878738403,0.1
9,51.24,0.883255005,0.1
9,51.75,0.887573242,0.1
9,52.22,0.891616821,0.1
9,52.76,0.896606445,0.1
9,53.25,0.901580811,0.1
9,53.77,0.905609131,0.1
9,54.27,0.91003418,0.1
9,54.74,0.914382935,0.1
9,55.24,0.918487549,0.1
9,55.75,0.922042847,0.1
9,56.26,0.926498413,0.1
9,56.76,0.929779053,0.1
9,57.25,0.933670044,0.1
9,57.75,0.937667847,0.1
9,58.25,0.939376831,0.1
9,58.77,0.942871094,0.1
9,59.27,0.945922852,0.1
9,59.77,0.948272705,0.1
9,60.29,0.950088501,0.1
9,60.79,0.952423096,0.1
9,61.29,0.953720093,0.1
9,61.76,0.955825806,0.1
9,62.29,0.957550049,0.1
9,62.78,0.958786011,0.1
9,63.31,0.959793091,0.1
9,63.79,0.960739136,0.1
9,64.29,0.962722778,0.1
9,64.78,0.963485718,0.1
9,65.31,0.964233398,0.1
9,65.79,0.964553833,0.1
9,66.3,0.965316772,0.1
9,66.82,0.966781616,0.1
9,67.32,0.967056274,0.1
9,67.82,0.967819214,0.1
9,68.31,0.967788696,0.1
9,68.83,0.968322754,0.1
9,69.33,0.968505859,0.1
9,69.84,0.968994141,0.1
9,70.34,0.968994141,0.1
9,70.84,0.969223022,0.1
9,71.34,0.969650269,0.1
9,71.82,0.970077515,0.1
9,72.34,0.970397949,0.1
9,72.8,0.970565796,0.1
9,73.35,0.97076416,0.1
9,73.84,0.970977783,0.1
9,74.33,0.970626831,0.1
9,74.85,0.970626831,0.1
9,75.34,0.970947266,0.1
9,75.85,0.970993042,0.1
9,76.35,0.971435547,0.1
9,76.86,0.971725464,0.1
9,77.36,0.972213745,0.1
9,77.86,0.97215271,0.1
9,78.36,0.971633911,0.1
9,78.86,0.972473145,0.1
9,79.37,0.972290039,0.1
9,79.87,0.97164917,0.1
9,80.38,0.971954346,0.1
9,80.84,0.971343994,0.1
9,81.37,0.972702026,0.1
9,81.88,0.972122192,0.1
9,82.37,0.972091675,0.1
9,82.89,0.971893311,0.1
9,83.38,0.971817017,0.1
9,83.88,0.971572876,0.1
9,84.36,0.97177124,0.1
9,84.89,0.97164917,0.1
9,85.39,0.971435547,0.1
9,85.89,0.97203064,0.1
9,86.4,0.971481323,0.1
9,86.9,0.971740723,0.1
9,87.4,0.971252441,0.1
9,87.9,0.971008301,0.1
9,88.41,0.971511841,0.1
9,88.9,0.971374512,0.1
9,89.41,0.971359253,0.1
9,89.91,0.970855713,0.1
9,90.41,0.971496582,0.1
9,90.92,0.971130371,0.1
9,91.42,0.970367432,0.1
9,91.92,0.970855713,0.1
9,92.42,0.970611572,0.1
9,92.92,0.970184326,0.1
9,93.42,0.970230103,0.1
9,93.93,0.970443726,0.1
9,94.42,0.970169067,0.1
9,94.91,0.969772339,0.1
9,95.43,0.969421387,0.1
10,4.91,1.249511719,0.1
10,5.49,1.252212524,0.1
10,6.01,1.254013062,0.1
10,6.51,1.254333496,0.1
10,7.03,1.254714966,0.1
10,7.51,1.255844116,0.1
10,8.02,1.257751465,0.1
10,8.54,1.258468628,0.1
10,9.04,1.259109497,0.1
10,9.54,1.260421753,0.1
10,10.04,1.261917114,0.1
10,10.55,1.262176514,0.1
10,11.05,1.262283325,0.1
10,11.55,1.26411438,0.1
10,12.05,1.264648438,0.1
10,12.56,1.265213013,0.1
10,13.06,1.26651001,0.1
10,13.56,1.267364502,0.1
10,14.07,1.268692017,0.1
10,14.57,1.268493652,0.1
10,15.07,1.269454956,0.1
10,15.58,1.270477295,0.1
10,16.07,1.271789551,0.1
10,16.58,1.272521973,0.1
10,17.08,1.273529053,0.1
10,17.58,1.273422241,0.1
10,18.08,1.273925781,0.1
10,18.59,1.275512695,0.1
10,19.1,1.276428223,0.1
10,19.61,1.277618408,0.1
10,20.12,1.277404785,0.1
10,20.65,1.279159546,0.1
10,21.15,1.280288696,0.1
10,21.66,1.280456543,0.1
10,22.14,1.281173706,0.1
10,22.64,1.281661987,0.1
10,23.14,1.282577515,0.1
10,23.64,1.283279419,0.1
10,24.14,1.284622192,0.1
10,24.63,1.284988403,0.1
10,25.12,1.285766602,0.1
10,25.63,1.286941528,0.1
10,26.12,1.288589478,0.1
10,26.65,1.289031982,0.1
10,27.2,1.28855896,0.1
10,27.7,1.289962769,0.1
10,28.2,1.291687012,0.1
10,28.7,1.291641235,0.1
10,29.19,1.292449951,0.1
10,29.7,1.293716431,0.1
10,30.18,1.295455933,0.1
10,30.69,1.295166016,0.1
10,31.19,1.296279907,0.1
10,31.69,1.298156738,0.1
10,32.18,1.299987793,0.1
10,32.67,1.300323486,0.1
10,33.18,1.302230835,0.1
10,33.69,1.303237915,0.1
10,34.17,1.305130005,0.1
10,34.68,1.306106567,0.1
10,35.19,1.307006836,0.1
10,35.68,1.307342529,0.1
10,36.19,1.310455322,0.1
10,36.69,1.311386108,0.1
10,37.19,1.314285278,0.1
10,37.7,1.315155029,0.1
10,38.19,1.317245483,0.1
10,38.7,1.320053101,0.1
10,39.2,1.321212769,0.1
10,39.7,1.324142456,0.1
10,40.22,1.325576782,0.1
10,40.71,1.327941895,0.1
10,41.22,1.33114624,0.1
10,41.72,1.333465576,0.1
10,42.22,1.336746216,0.1
10,42.72,1.339569092,0.1
10,43.22,1.342987061,0.1
10,43.72,1.345474243,0.1
10,44.22,1.349304199,0.1
10,44.72,1.353561401,0.1
10,45.23,1.357879639,0.1
10,45.73,1.360137939,0.1
10,46.22,1.363418579,0.1
10,46.71,1.369369507,0.1
10,47.23,1.37322998,0.1
10,47.95,1.384078979,0.1
10,48.72,1.388793945,0.1
10,49.23,1.394607544,0.1
10,49.74,1.400360107,0.1
10,50.25,1.406616211,0.1
10,50.75,1.413009644,0.1
10,51.25,1.419448853,0.1
10,51.75,1.42539978,0.1
10,52.23,1.431243896,0.1
10,52.75,1.440078735,0.1
10,53.25,1.447616577,0.1
10,53.77,1.454711914,0.1
10,54.27,1.461105347,0.1
10,54.74,1.468093872,0.1
10,55.25,1.47618103,0.1
10,55.76,1.481628418,0.1
10,56.26,1.489227295,0.1
10,56.77,1.493988037,0.1
10,57.24,1.500991821,0.1
10,57.76,1.505584717,0.1
10,58.25,1.512359619,0.1
10,58.77,1.518768311,0.1
10,59.27,1.523239136,0.1
10,59.77,1.529495239,0.1
10,60.29,1.53276062,0.1
10,60.78,1.537796021,0.1
10,61.29,1.540603638,0.1
10,61.77,1.545700073,0.1
10,62.29,1.548950195,0.1
10,62.78,1.552825928,0.1
10,63.3,1.556854248,0.1
10,63.79,1.558059692,0.1
10,64.3,1.560653687,0.1
10,64.76,1.563156128,0.1
10,65.31,1.565383911,0.1
10,65.79,1.566192627,0.1
10,66.31,1.568710327,0.1
10,66.83,1.568908691,0.1
10,67.32,1.571029663,0.1
10,67.82,1.570419312,0.1
10,68.32,1.57220459,0.1
10,68.83,1.573242188,0.1
10,69.33,1.575195313,0.1
10,69.84,1.574966431,0.1
10,70.34,1.576293945,0.1
10,70.84,1.575866699,0.1
10,71.34,1.577392578,0.1
10,71.82,1.577041626,0.1
10,72.35,1.57774353,0.1
10,72.79,1.579025269,0.1
10,73.35,1.579147339,0.1
10,73.85,1.580627441,0.1
10,74.33,1.578308105,0.1
10,74.85,1.578948975,0.1
10,75.35,1.579498291,0.1
10,75.85,1.579086304,0.1
10,76.36,1.5809021,0.1
10,76.86,1.579711914,0.1
10,77.36,1.58013916,0.1
10,77.86,1.580551147,0.1
10,78.36,1.579498291,0.1
10,78.86,1.579360962,0.1
10,79.37,1.580352783,0.1
10,79.87,1.580551147,0.1
10,80.36,1.581253052,0.1
10,80.85,1.580001831,0.1
10,81.38,1.579498291,0.1
10,81.88,1.581054688,0.1
10,82.38,1.582168579,0.1
10,82.88,1.579849243,0.1
10,83.39,1.579360962,0.1
10,83.88,1.580062866,0.1
10,84.36,1.580062866,0.1
10,84.89,1.580474854,0.1
10,85.39,1.578948975,0.1
10,85.9,1.579925537,0.1
10,86.4,1.580703735,0.1
10,86.91,1.578598022,0.1
10,87.4,1.579772949,0.1
10,87.9,1.580490112,0.1
10,88.41,1.580001831,0.1
10,88.91,1.579071045,0.1
10,89.41,1.578384399,0.1
10,89.91,1.57901001,0.1
10,90.42,1.578308105,0.1
10,90.91,1.579788208,0.1
10,91.41,1.577819824,0.1
10,91.92,1.578384399,0.1
10,92.42,1.577819824,0.1
10,92.92,1.578094482,0.1
10,93.42,1.577041626,0.1
10,93.92,1.577392578,0.1
10,94.42,1.577957153,0.1
10,94.91,1.577392578,0.1
10,95.43,1.578018188,0.1
