"Helix","H3","H.MW1","H.MW2","S3","S.MW1","S.MW2","G3","G.MW1","G.MW2","Tm3","Tm.MW1","Tm.MW2","pH","pS","pG","pTm"
"ACCGGU","-56.53 (-60.25 to -53.16)","-54.1 (±4)","-53.8 (±2.9)","-159.96 (-172.21 to -149.33)","-151.5 (±12.4)","-150.5 (±9.1)","-6.91 (-7.07 to -6.79)","-7.11 (±0.2)","-7.12 (±0.06)","43.94 (43.08 to 44.54)","45.4","45.6",8.68824531516183,9.4810665372825,4.69146238377008,2.31907237105157
"CCAUGG","-59.86 (-61.28 to -58.83)","-60.4 (±2)","-59.8 (±1)","-171.4 (-175.85 to -168.12)","-173.6 (±6.4)","-171.9 (±3.3)","-6.7 (-6.75 to -6.67)","-6.52 (±0.05)","-6.52 (±0.01)","42.37 (42.28 to 42.51)","41.4","41.4",4.9808429118774,6.14338903801195,2.98013245033113,3.69052912405514
"CGAAAGGU/ACCUUUCG","-67.98 (-69.89 to -66.16)","-67.02 (±3.025)","-65.85 (±1.448)","-186.59 (-192.46 to -181.12)","-184.51 (±9.497)","-180.82 (±4.495)","-10.11 (-10.2 to -10)","-9.8 (±0.087)","-9.77 (±0.055)","54.21 (53.95 to 54.54)","52.9","53",0.899700099966676,1.27684271619268,2.7355623100304,2.32483822002077
"CGCGCG","-56.76 (-57.94 to -55.81)","-55.6 (±1.3)","-52 (±3.8)","-156.93 (-160.59 to -153.94)","-153.9 (±4.3)","-142.6 (±11.9)","-8.09 (-8.16 to -8.01)","-7.85 (±0.17)","-7.72 (±0.16)","50.76 (50.35 to 51.04)","49.6","49.7",11.406578026592,12.6640152819967,3.14814814814816,1.75863031543687
"CGUUGC/GCAACG","-51.92 (-54.53 to -50.37)","-51.06 (±3.567)","-48.17 (±1.779)","-143.61 (-151.88 to -138.78)","-141.39 (±11.476)","-132.17 (±5.73)","-7.38 (-7.45 to -7.28)","-7.21 (±0.087)","-7.18 (±0.024)","42.13 (41.56 to 42.39)","41.2","41.2",3.94571500376979,3.65858963762127,6.51387213510254,3.80758712572751
"CUGAGUC/GACUCAG","-63.31 (-64 to -62.69)","-63.32 (±1.928)","-63.61 (±1.507)","-173.83 (-175.92 to -171.93)","-174.65 (±6.191)","-175.57 (±4.712)","-9.39 (-9.44 to -9.35)","-9.15 (±0.03)","-9.16 (±0.047)","51.69 (51.43 to 51.88)","50.4","50.4",3.18147871545931,3.13632410494275,3.4366576819407,2.45456248828931
"FAMCGAAAGGU/ACCUUUCGBHQ1","-80.92 (-83.27 to -79.05)","-81.12 (±1.583)","-81.05 (±6.734)","-216.39 (-223.4 to -210.93)","-217.61 (±5.076)","-217.41 (±20.017)","-13.81 (-14 to -13.65)","-13.63 (±0.092)","-13.62 (±0.538)","67.66 (67.13 to 68.11)","66.7","66.7",0.473086627417994,0.996088159526752,2.59927797833935,2.5378713358253
"FAMCGUUGC/GCAACGBHQ1","-60.32 (-62.02 to -58.19)","-61.47 (±3.4)","-62.23 (±3.751)","-160.72 (-165.71 to -154.29)","-164.74 (±10.499)","-167.11 (±11.45)","-10.48 (-10.61 to -10.33)","-10.38 (±0.163)","-10.4 (±0.207)","58.7 (58.37 to 58.92)","57.7","57.6",7.44293747932517,8.2268619507635,2.75608635737253,2.24042399421826
"FAMCUGAGUC/GACUCAGBHQ1","-75.38 (-77.21 to -73.3)","-74.43 (±2.316)","-74.63 (±6.17)","-199.36 (-204.73 to -193.23)","-197.46 (±6.709)","-198.05 (±18.308)","-13.54 (-13.71 to -13.34)","-13.19 (±0.275)","-13.21 (±0.508)","68.82 (68.47 to 69.33)","67.5","67.5",0.246822164630387,0.56185812314826,1.38821237213834,1.43240823634735
"GAUAUAUC","-74.15 (-78.59 to -71.74)","-74.2 (±4.4)","-66 (±2.4)","-221.96 (-236.28 to -214.21)","-221.7 (±14.2)","-195 (±7.9)","-5.31 (-5.34 to -5.27)","-5.41 (±0.06)","-5.48 (±0.04)","35.47 (35.26 to 35.59)","35.9","36.1",1.26982712528959,0.958192546270617,2.62894341512268,1.94289078598763
"GCAAUUGC","-81.24 (-84.35 to -79.04)","-79.4 (±3.8)","-78.1 (±1.7)","-234.11 (-243.79 to -227.28)","-229.8 (±11.9)","-225.7 (±5.3)","-8.63 (-8.73 to -8.54)","-8.15 (±0.12)","-8.09 (±0.05)","48.71 (48.64 to 48.78)","47","46.9",3.1137919791327,3.89183263292528,0.959692898272549,1.89655172413793
