"Method","H","CI95.H","S","CI95.S","G","CI95.G","Tm_at_0.1mM","CI95.Tm_at_0.1mM","Helix","Hmin","Hmax","Smin","Smax","Gmin","Gmax","Tmin","Tmax","Known.H","Known.S","Known.G","known.Tm"
"1 individual fits",-34.03,"-34.24 to -33.82",-95.31,"-95.98 to -94.6",-4.48,"-4.49 to -4.47",26.42,"26.33 to 26.51","CCGG",-34.24,-33.82,-95.98,-94.6,-4.49,-4.47,26.33,26.51,-33.81,-0.0945671449298727,-4.48,26.3983297134951
"2 Tm versus ln[Ct]",-33.61,"-33.88 to -33.34",-93.88,"-94.75 to -93.02",-4.5,"-4.51 to -4.49",26.48,"26.4 to 26.57","CCGG",-33.88,-33.34,-94.75,-93.02,-4.51,-4.49,26.4,26.57,-33.81,-0.0945671449298727,-4.48,26.3983297134951
"3 Global fit",-33.64,"-33.87 to -33.11",-94.08,"-94.86 to -92.32",-4.46,"-4.48 to -4.45",26.21,"26.09 to 26.31","CCGG",-33.87,-33.11,-94.86,-92.32,-4.48,-4.45,26.09,26.31,-33.81,-0.0945671449298727,-4.48,26.3983297134951
"1 individual fits",-32.28,"-32.83 to -31.71",-92.33,"-94.13 to -90.44",-3.64,"-3.66 to -3.62",18.65,"18.48 to 18.85","CGCG",-32.83,-31.71,-94.13,-90.44,-3.66,-3.62,18.48,18.85,-32.55,-0.0930839916169596,-3.68,19.0749839593809
"2 Tm versus ln[Ct]",-32.2,"-33.48 to -30.92",-92.11,"-96.36 to -87.86",-3.63,"-3.67 to -3.59",18.5,"18.16 to 18.82","CGCG",-33.48,-30.92,-96.36,-87.86,-3.67,-3.59,18.16,18.82,-32.55,-0.0930839916169596,-3.68,19.0749839593809
"3 Global fit",-32.39,"-32.68 to -32.11",-92.68,"-93.68 to -91.76",-3.65,"-3.66 to -3.63",18.7,"18.58 to 18.8","CGCG",-32.68,-32.11,-93.68,-91.76,-3.66,-3.63,18.58,18.8,-32.55,-0.0930839916169596,-3.68,19.0749839593809
"1 individual fits",-36.58,"-36.87 to -36.16",-102.87,"-103.8 to -101.53",-4.67,"-4.69 to -4.66",28.72,"28.58 to 28.85","GCGC",-36.87,-36.16,-103.8,-101.53,-4.69,-4.66,28.58,28.85,-36.79,-0.103530549734,-4.68,28.8198923738266
"2 Tm versus ln[Ct]",-35.01,"-35.33 to -34.73",-97.73,"-98.77 to -96.78",-4.7,"-4.71 to -4.69",28.58,"28.45 to 28.68","GCGC",-35.33,-34.73,-98.77,-96.78,-4.71,-4.69,28.45,28.68,-36.79,-0.103530549734,-4.68,28.8198923738266
"3 Global fit",-36.85,"-37.01 to -36.49",-103.75,"-104.26 to -102.53",-4.67,"-4.69 to -4.66",28.76,"28.67 to 28.86","GCGC",-37.01,-36.49,-104.26,-102.53,-4.69,-4.66,28.67,28.86,-36.79,-0.103530549734,-4.68,28.8198923738266
"1 individual fits",-38.01,"-38.28 to -37.66",-104.89,"-105.74 to -103.8",-5.48,"-5.49 to -5.46",35.37,"35.23 to 35.5","GGCC",-38.28,-37.66,-105.74,-103.8,-5.49,-5.46,35.23,35.5,-38.05,-0.105013703046913,-5.48,35.4056486200601
"2 Tm versus ln[Ct]",-36.46,"-36.69 to -36.13",-99.93,"-100.68 to -98.84",-5.47,"-5.48 to -5.46",35.25,"35.14 to 35.35","GGCC",-36.69,-36.13,-100.68,-98.84,-5.48,-5.46,35.14,35.35,-38.05,-0.105013703046913,-5.48,35.4056486200601
"3 Global fit",-37.85,"-38.1 to -37.46",-104.41,"-105.19 to -103.17",-5.47,"-5.49 to -5.44",35.3,"35.09 to 35.52","GGCC",-38.1,-37.46,-105.19,-103.17,-5.49,-5.44,35.09,35.52,-38.05,-0.105013703046913,-5.48,35.4056486200601
"1 individual fits",-36.54,"-37.22 to -35.8",-101.25,"-103.56 to -98.77",-5.13,"-5.17 to -5.1",25.58,"25.49 to 25.68","ACGCA",-37.22,-35.8,-103.56,-98.77,-5.17,-5.1,25.49,25.68,-36.31,-0.100596485571498,-5.11,25.3191399122329
"2 Tm versus ln[Ct]",-35.17,"-35.8 to -34.46",-96.63,"-98.73 to -94.25",-5.2,"-5.23 to -5.18",25.7,"25.59 to 25.82","ACGCA",-35.8,-34.46,-98.73,-94.25,-5.23,-5.18,25.59,25.82,-36.31,-0.100596485571498,-5.11,25.3191399122329
"3 Global fit",-36.62,"-36.96 to -35.97",-101.5,"-102.63 to -99.35",-5.14,"-5.16 to -5.13",25.63,"25.53 to 25.72","ACGCA",-36.96,-35.97,-102.63,-99.35,-5.16,-5.13,25.53,25.72,-36.31,-0.100596485571498,-5.11,25.3191399122329
"1 individual fits",-37.86,"-38.93 to -36.38",-106.06,"-109.65 to -101.09",-4.97,"-5.03 to -4.92",24.71,"24.58 to 24.8","AGCGA",-38.93,-36.38,-109.65,-101.09,-5.03,-4.92,24.58,24.8,-37.39,-0.104401096243753,-5.01,24.8762940808838
"2 Tm versus ln[Ct]",-36.97,"-38.88 to -34.06",-102.99,"-109.4 to -93.28",-5.02,"-5.13 to -4.95",24.85,"24.71 to 24.97","AGCGA",-38.88,-34.06,-109.4,-93.28,-5.13,-4.95,24.71,24.97,-37.39,-0.104401096243753,-5.01,24.8762940808838
"3 Global fit",-37.19,"-37.65 to -36.62",-103.78,"-105.33 to -101.85",-5,"-5.03 to -4.98",24.77,"24.67 to 24.89","AGCGA",-37.65,-36.62,-105.33,-101.85,-5.03,-4.98,24.67,24.89,-37.39,-0.104401096243753,-5.01,24.8762940808838
"1 individual fits",-39.54,"-40.24 to -39.09",-113.3,"-115.62 to -111.76",-4.41,"-4.42 to -4.38",21.18,"21.1 to 21.3","CACAG",-40.24,-39.09,-115.62,-111.76,-4.42,-4.38,21.1,21.3,-39.15,-0.112010317588264,-4.41,21.0605891147358
"2 Tm versus ln[Ct]",-39.82,"-41.27 to -38.9",-114.29,"-119.19 to -111.17",-4.37,"-4.42 to -4.31",21.07,"21 to 21.15","CACAG",-41.27,-38.9,-119.19,-111.17,-4.42,-4.31,21,21.15,-39.15,-0.112010317588264,-4.41,21.0605891147358
"3 Global fit",-39.51,"-40.01 to -39.2",-113.22,"-114.89 to -112.2",-4.4,"-4.41 to -4.37",21.1,"21.03 to 21.18","CACAG",-40.01,-39.2,-114.89,-112.2,-4.41,-4.37,21.03,21.18,-39.15,-0.112010317588264,-4.41,21.0605891147358
"1 individual fits",-44.15,"-44.56 to -43.82",-122.88,"-124.22 to -121.8",-6.04,"-6.05 to -6.03",33.59,"33.52 to 33.67","GCACG",-44.56,-43.82,-124.22,-121.8,-6.05,-6.03,33.52,33.67,-43.75,-0.121683056585523,-6.01,33.3498513565685
"2 Tm versus ln[Ct]",-44.61,"-44.91 to -44.26",-124.37,"-125.35 to -123.21",-6.04,"-6.05 to -6.03",33.61,"33.55 to 33.67","GCACG",-44.91,-44.26,-125.35,-123.21,-6.05,-6.03,33.55,33.67,-43.75,-0.121683056585523,-6.01,33.3498513565685
"3 Global fit",-44.16,"-44.9 to -43.38",-122.92,"-125.38 to -120.25",-6.04,"-6.08 to -6.01",33.59,"33.37 to 33.83","GCACG",-44.9,-43.38,-125.38,-120.25,-6.08,-6.01,33.37,33.83,-43.75,-0.121683056585523,-6.01,33.3498513565685
"1 individual fits",-44.57,"-44.78 to -44.29",-124.77,"-125.45 to -123.83",-5.87,"-5.88 to -5.86",32.47,"32.4 to 32.55","GCUCG",-44.78,-44.29,-125.45,-123.83,-5.88,-5.86,32.4,32.55,-44.83,-0.125487667257779,-5.91,32.7622337009099
"2 Tm versus ln[Ct]",-42.42,"-42.71 to -42.13",-117.66,"-118.63 to -116.69",-5.92,"-5.93 to -5.92",32.61,"32.56 to 32.67","GCUCG",-42.71,-42.13,-118.63,-116.69,-5.93,-5.92,32.56,32.67,-44.83,-0.125487667257779,-5.91,32.7622337009099
"3 Global fit",-44.32,"-44.71 to -44.07",-123.87,"-125.18 to -123.08",-5.9,"-5.91 to -5.88",32.63,"32.49 to 32.74","GCUCG",-44.71,-44.07,-125.18,-123.08,-5.91,-5.88,32.49,32.74,-44.83,-0.125487667257779,-5.91,32.7622337009099
"1 individual fits",-48.81,"-49.17 to -48.41",-131.56,"-132.69 to -130.36",-8.01,"-8.02 to -7.99",52.54,"52.45 to 52.66","ACCGGU",-49.17,-48.41,-132.69,-130.36,-8.02,-7.99,52.45,52.66,-49.17,-0.132806706432371,-7.98,52.2431863031713
"2 Tm versus ln[Ct]",-48.3,"-48.63 to -47.92",-129.99,"-131.03 to -128.78",-7.99,"-8 to -7.97",52.57,"52.5 to 52.7","ACCGGU",-48.63,-47.92,-131.03,-128.78,-8,-7.97,52.5,52.7,-49.17,-0.132806706432371,-7.98,52.2431863031713
"3 Global fit",-48.8,"-49.24 to -48.1",-131.62,"-132.95 to -129.47",-7.97,"-8.01 to -7.94",52.33,"52.2 to 52.48","ACCGGU",-49.24,-48.1,-132.95,-129.47,-8.01,-7.94,52.2,52.48,-49.17,-0.132806706432371,-7.98,52.2431863031713
"1 individual fits",-50.08,"-50.25 to -49.87",-135.77,"-136.28 to -135.11",-7.97,"-7.98 to -7.95",51.89,"51.79 to 51.98","AGCGCU",-50.25,-49.87,-136.28,-135.11,-7.98,-7.95,51.79,51.98,-50.31,-0.13648234725133,-7.98,51.8812104741887
"2 Tm versus ln[Ct]",-49.85,"-50.2 to -49.53",-135.06,"-136.15 to -134.11",-7.96,"-7.97 to -7.94",51.88,"51.8 to 51.95","AGCGCU",-50.2,-49.53,-136.15,-134.11,-7.97,-7.94,51.8,51.95,-50.31,-0.13648234725133,-7.98,51.8812104741887
"3 Global fit",-49.43,"-50.17 to -48.62",-133.9,"-136.07 to -131.52",-7.91,"-7.97 to -7.84",51.65,"51.38 to 51.89","AGCGCU",-50.17,-48.62,-136.07,-131.52,-7.97,-7.84,51.38,51.89,-50.31,-0.13648234725133,-7.98,51.8812104741887
"1 individual fits",-51.48,"-51.77 to -51.17",-137.62,"-138.5 to -136.7",-8.79,"-8.81 to -8.77",56.98,"56.89 to 57.07","AGGCCU",-51.77,-51.17,-138.5,-136.7,-8.81,-8.77,56.89,57.07,-51.57,-0.137965500564243,-8.78,56.8593726375104
"2 Tm versus ln[Ct]",-53.97,"-54.44 to -53.46",-145.2,"-146.6 to -143.68",-8.93,"-8.97 to -8.9",56.92,"56.85 to 57.01","AGGCCU",-54.44,-53.46,-146.6,-143.68,-8.97,-8.9,56.85,57.01,-51.57,-0.137965500564243,-8.78,56.8593726375104
"3 Global fit",-52.01,"-52.56 to -51.64",-139.3,"-140.94 to -138.17",-8.81,"-8.86 to -8.77",56.86,"56.72 to 57.04","AGGCCU",-52.56,-51.64,-140.94,-138.17,-8.86,-8.77,56.72,57.04,-51.57,-0.137965500564243,-8.78,56.8593726375104
"1 individual fits",-50.94,"-51.23 to -50.61",-143.41,"-144.33 to -142.33",-6.46,"-6.47 to -6.45",41.86,"41.74 to 41.96","CACGUG",-51.23,-50.61,-144.33,-142.33,-6.47,-6.45,41.74,41.96,-50.71,-0.142608415282928,-6.48,41.9927547826918
"2 Tm versus ln[Ct]",-50.87,"-51.23 to -50.5",-143.2,"-144.33 to -142",-6.46,"-6.47 to -6.45",41.84,"41.74 to 41.92","CACGUG",-51.23,-50.5,-144.33,-142,-6.47,-6.45,41.74,41.92,-50.71,-0.142608415282928,-6.48,41.9927547826918
"3 Global fit",-50.73,"-51.16 to -50.41",-142.72,"-144.08 to -141.73",-6.46,"-6.48 to -6.44",41.89,"41.75 to 42.03","CACGUG",-51.16,-50.41,-144.08,-141.73,-6.48,-6.44,41.75,42.03,-50.71,-0.142608415282928,-6.48,41.9927547826918
"1 individual fits",-53.2,"-53.56 to -52.9",-147.85,"-148.99 to -146.91",-7.34,"-7.35 to -7.33",47.04,"46.96 to 47.12","CAGCUG",-53.56,-52.9,-148.99,-146.91,-7.35,-7.33,46.96,47.12,-53.11,-0.147767209414799,-7.28,46.6549057802991
"2 Tm versus ln[Ct]",-56.01,"-56.55 to -55.45",-156.71,"-158.39 to -154.98",-7.41,"-7.43 to -7.39",46.9,"46.84 to 46.95","CAGCUG",-56.55,-55.45,-158.39,-154.98,-7.43,-7.39,46.84,46.95,-53.11,-0.147767209414799,-7.28,46.6549057802991
"3 Global fit",-53.74,"-54.7 to -53.19",-149.71,"-152.82 to -147.94",-7.31,"-7.34 to -7.27",46.71,"46.43 to 46.91","CAGCUG",-54.7,-53.19,-152.82,-147.94,-7.34,-7.27,46.43,46.91,-53.11,-0.147767209414799,-7.28,46.6549057802991
"1 individual fits",-53.16,"-53.63 to -52.83",-147.63,"-149.08 to -146.58",-7.38,"-7.39 to -7.37",47.25,"47.18 to 47.31","CCAUGG",-53.63,-52.83,-149.08,-146.58,-7.39,-7.37,47.18,47.31,-53.43,-0.148476543607932,-7.38,47.2134368889456
"2 Tm versus ln[Ct]",-51.84,"-52.38 to -51.58",-143.47,"-145.14 to -142.66",-7.34,"-7.36 to -7.33",47.31,"47.25 to 47.36","CCAUGG",-52.38,-51.58,-145.14,-142.66,-7.36,-7.33,47.25,47.36,-53.43,-0.148476543607932,-7.38,47.2134368889456
"3 Global fit",-52.94,"-53.63 to -52.21",-146.94,"-149.03 to -144.68",-7.36,"-7.41 to -7.32",47.2,"47.02 to 47.41","CCAUGG",-53.63,-52.21,-149.03,-144.68,-7.41,-7.32,47.02,47.41,-53.43,-0.148476543607932,-7.38,47.2134368889456
"1 individual fits",-59.35,"-59.79 to -58.83",-157.99,"-159.28 to -156.42",-10.35,"-10.39 to -10.32",63.53,"63.44 to 63.6","CCGCGG",-59.79,-58.83,-159.28,-156.42,-10.39,-10.32,63.44,63.6,-59.33,-0.158149282605191,-10.28,63.0886152019798
"2 Tm versus ln[Ct]",-60.9,"-61.52 to -60.36",-162.61,"-164.43 to -160.98",-10.47,"-10.53 to -10.43",63.5,"63.42 to 63.56","CCGCGG",-61.52,-60.36,-164.43,-160.98,-10.53,-10.43,63.42,63.56,-59.33,-0.158149282605191,-10.28,63.0886152019798
"3 Global fit",-59.2,"-59.48 to -58.95",-157.71,"-158.49 to -156.98",-10.29,"-10.33 to -10.25",63.2,"63.04 to 63.35","CCGCGG",-59.48,-58.95,-158.49,-156.98,-10.33,-10.25,63.04,63.35,-59.33,-0.158149282605191,-10.28,63.0886152019798
"1 individual fits",-51.92,"-52.36 to -51.59",-142.85,"-144.27 to -141.84",-7.61,"-7.63 to -7.6",49.01,"48.88 to 49.1","CCUAGG",-52.36,-51.59,-144.27,-141.84,-7.63,-7.6,48.88,49.1,-51.82,-0.142640657746252,-7.58,48.8264534992903
"2 Tm versus ln[Ct]",-53.25,"-53.54 to -52.86",-147.01,"-147.9 to -145.78",-7.66,"-7.67 to -7.64",48.98,"48.92 to 49.04","CCUAGG",-53.54,-52.86,-147.9,-145.78,-7.67,-7.64,48.92,49.04,-51.82,-0.142640657746252,-7.58,48.8264534992903
"3 Global fit",-51.94,"-52.39 to -51.35",-142.98,"-144.36 to -141.17",-7.59,"-7.62 to -7.56",48.87,"48.7 to 49.05","CCUAGG",-52.39,-51.35,-144.36,-141.17,-7.62,-7.56,48.7,49.05,-51.82,-0.142640657746252,-7.58,48.8264534992903
"1 individual fits",-58.11,"-58.3 to -57.81",-156.92,"-157.49 to -156.01",-9.44,"-9.45 to -9.42",58.47,"58.39 to 58.54","CGCGCG",-58.3,-57.81,-157.49,-156.01,-9.45,-9.42,58.39,58.54,-58.07,-0.156666129292278,-9.48,58.7375190528426
"2 Tm versus ln[Ct]",-55.63,"-55.87 to -55.45",-149.43,"-150.16 to -148.87",-9.28,"-9.3 to -9.27",58.5,"58.45 to 58.55","CGCGCG",-55.87,-55.45,-150.16,-148.87,-9.3,-9.27,58.45,58.55,-58.07,-0.156666129292278,-9.48,58.7375190528426
"3 Global fit",-57.42,"-58.02 to -56.45",-154.76,"-156.54 to -151.95",-9.42,"-9.48 to -9.32",58.64,"58.4 to 58.78","CGCGCG",-58.02,-56.45,-156.54,-151.95,-9.48,-9.32,58.4,58.78,-58.07,-0.156666129292278,-9.48,58.7375190528426
"1 individual fits",-59.09,"-59.36 to -58.73",-157.44,"-158.21 to -156.33",-10.26,"-10.28 to -10.24",63.1,"63.04 to 63.17","CGGCCG",-59.36,-58.73,-158.21,-156.33,-10.28,-10.24,63.04,63.17,-59.33,-0.158149282605191,-10.28,63.0886152019798
"2 Tm versus ln[Ct]",-62.5,"-62.93 to -61.91",-167.6,"-168.91 to -165.87",-10.51,"-10.55 to -10.47",63.02,"62.98 to 63.06","CGGCCG",-62.93,-61.91,-168.91,-165.87,-10.55,-10.47,62.98,63.06,-59.33,-0.158149282605191,-10.28,63.0886152019798
"3 Global fit",-59.46,"-60.1 to -58.93",-158.58,"-160.57 to -156.99",-10.27,"-10.31 to -10.23",62.99,"62.8 to 63.16","CGGCCG",-60.1,-58.93,-160.57,-156.99,-10.31,-10.23,62.8,63.16,-59.33,-0.158149282605191,-10.28,63.0886152019798
"1 individual fits",-53.49,"-53.77 to -53.23",-148.94,"-149.8 to -148.12",-7.3,"-7.31 to -7.28",46.7,"46.62 to 46.81","CUGCAG",-53.77,-53.23,-149.8,-148.12,-7.31,-7.28,46.62,46.81,-53.11,-0.147767209414799,-7.28,46.6549057802991
"2 Tm versus ln[Ct]",-56.18,"-57.22 to -55.44",-157.35,"-160.6 to -155.06",-7.38,"-7.41 to -7.35",46.68,"46.62 to 46.74","CUGCAG",-57.22,-55.44,-160.6,-155.06,-7.41,-7.35,46.62,46.74,-53.11,-0.147767209414799,-7.28,46.6549057802991
"3 Global fit",-53.01,"-53.7 to -52.47",-147.51,"-149.68 to -145.82",-7.26,"-7.29 to -7.23",46.56,"46.42 to 46.71","CUGCAG",-53.7,-52.47,-149.68,-145.82,-7.29,-7.23,46.42,46.71,-53.11,-0.147767209414799,-7.28,46.6549057802991
"1 individual fits",-55.36,"-56.11 to -54.75",-157.25,"-159.7 to -155.3",-6.59,"-6.6 to -6.57",42.19,"42.03 to 42.3","GACGUC",-56.11,-54.75,-159.7,-155.3,-6.6,-6.57,42.03,42.3,-54.71,-0.155505400612607,-6.48,41.622280378939
"2 Tm versus ln[Ct]",-59.48,"-59.93 to -59.04",-170.41,"-171.86 to -168.95",-6.63,"-6.64 to -6.62",42.06,"41.99 to 42.14","GACGUC",-59.93,-59.04,-171.86,-168.95,-6.64,-6.62,41.99,42.14,-54.71,-0.155505400612607,-6.48,41.622280378939
"3 Global fit",-55.04,"-55.46 to -54.38",-156.47,"-157.74 to -154.33",-6.51,"-6.54 to -6.5",41.78,"41.69 to 41.92","GACGUC",-55.46,-54.38,-157.74,-154.33,-6.54,-6.5,41.69,41.92,-54.71,-0.155505400612607,-6.48,41.622280378939
"1 individual fits",-51.48,"-51.74 to -51.23",-146.79,"-147.61 to -145.96",-5.96,"-5.96 to -5.95",33.58,"33.52 to 33.64","GAGAGA",-51.74,-51.23,-147.61,-145.96,-5.96,-5.95,33.52,33.64,-50.95,-0.145058842495567,-5.96,33.5625039138828
"2 Tm versus ln[Ct]",-49.94,"-50.2 to -49.72",-141.69,"-142.54 to -140.95",-6,"-6 to -5.99",33.72,"33.66 to 33.77","GAGAGA",-50.2,-49.72,-142.54,-140.95,-6,-5.99,33.66,33.77,-50.95,-0.145058842495567,-5.96,33.5625039138828
"3 Global fit",-51.23,"-51.54 to -50.75",-145.99,"-147.07 to -144.38",-5.95,"-5.98 to -5.93",33.51,"33.38 to 33.65","GAGAGA",-51.54,-50.75,-147.07,-144.38,-5.98,-5.93,33.38,33.65,-50.95,-0.145058842495567,-5.96,33.5625039138828
"1 individual fits",-56.95,"-57.2 to -56.66",-160.2,"-161.02 to -159.3",-7.26,"-7.28 to -7.25",45.87,"45.8 to 45.95","GAGCUC",-57.2,-56.66,-161.02,-159.3,-7.28,-7.25,45.8,45.95,-57.11,-0.160664194744478,-7.28,45.9591395779022
"2 Tm versus ln[Ct]",-56.54,"-56.99 to -56.15",-158.94,"-160.34 to -157.73",-7.25,"-7.26 to -7.23",45.86,"45.81 to 45.92","GAGCUC",-56.99,-56.15,-160.34,-157.73,-7.26,-7.23,45.81,45.92,-57.11,-0.160664194744478,-7.28,45.9591395779022
"3 Global fit",-56.79,"-57.29 to -55.76",-159.8,"-161.38 to -156.45",-7.23,"-7.25 to -7.21",45.74,"45.64 to 45.88","GAGCUC",-57.29,-55.76,-161.38,-156.45,-7.25,-7.21,45.64,45.88,-57.11,-0.160664194744478,-7.28,45.9591395779022
"1 individual fits",-55.79,"-56.08 to -55.55",-155.4,"-156.35 to -154.6",-7.6,"-7.61 to -7.59",43.03,"42.94 to 43.14","GAGGAG",-56.08,-55.55,-156.35,-154.6,-7.61,-7.59,42.94,43.14,-55.62,-0.154796066419474,-7.61,43.1356415793045
"2 Tm versus ln[Ct]",-52.76,"-53.6 to -52.26",-145.7,"-148.36 to -144.1",-7.57,"-7.59 to -7.56",43.25,"43.21 to 43.29","GAGGAG",-53.6,-52.26,-148.36,-144.1,-7.59,-7.56,43.21,43.29,-55.62,-0.154796066419474,-7.61,43.1356415793045
"3 Global fit",-55.25,"-55.55 to -54.88",-153.69,"-154.59 to -152.55",-7.59,"-7.6 to -7.57",43.04,"42.97 to 43.12","GAGGAG",-55.55,-54.88,-154.59,-152.55,-7.6,-7.57,42.97,43.12,-55.62,-0.154796066419474,-7.61,43.1356415793045
"1 individual fits",-50.28,"-50.53 to -50",-139.76,"-140.59 to -138.88",-6.93,"-6.94 to -6.92",39.48,"39.41 to 39.56","GCAACG",-50.53,-50,-140.59,-138.88,-6.94,-6.92,39.41,39.56,-50.57,-0.140770594873448,-6.91,39.34183660832
"2 Tm versus ln[Ct]",-47.3,"-47.58 to -47.02",-130.14,"-131.05 to -129.23",-6.94,"-6.95 to -6.93",39.7,"39.63 to 39.79","GCAACG",-47.58,-47.02,-131.05,-129.23,-6.95,-6.93,39.63,39.79,-50.57,-0.140770594873448,-6.91,39.34183660832
"3 Global fit",-50.64,"-51.17 to -49.42",-140.99,"-142.71 to -136.97",-6.92,"-6.95 to -6.89",39.38,"39.2 to 39.64","GCAACG",-51.17,-49.42,-142.71,-136.97,-6.95,-6.89,39.2,39.64,-50.57,-0.140770594873448,-6.91,39.34183660832
"1 individual fits",-54.5,"-55.04 to -54.21",-153.13,"-154.96 to -152.22",-7,"-7.02 to -6.98",39.71,"39.55 to 39.82","GCAUCG",-55.04,-54.21,-154.96,-152.22,-7.02,-6.98,39.55,39.82,-54.17,-0.152055457036918,-7.01,39.7668344917548
"2 Tm versus ln[Ct]",-56.4,"-57 to -55.66",-159.31,"-161.2 to -156.9",-7,"-7 to -6.99",39.57,"39.53 to 39.63","GCAUCG",-57,-55.66,-161.2,-156.9,-7,-6.99,39.53,39.63,-54.17,-0.152055457036918,-7.01,39.7668344917548
"3 Global fit",-54.63,"-54.99 to -54.3",-153.56,"-154.8 to -152.49",-7,"-7.02 to -6.98",39.71,"39.58 to 39.84","GCAUCG",-54.99,-54.3,-154.8,-152.49,-7.02,-6.98,39.58,39.84,-54.17,-0.152055457036918,-7.01,39.7668344917548
"1 individual fits",-56.53,"-56.8 to -56.28",-157.8,"-158.65 to -157.03",-7.59,"-7.6 to -7.58",47.84,"47.78 to 47.89","GCAUGC",-56.8,-56.28,-158.65,-157.03,-7.6,-7.58,47.78,47.89,-56.41,-0.157439948412059,-7.58,47.8305482000484
"2 Tm versus ln[Ct]",-55.04,"-55.33 to -54.7",-153.13,"-154.06 to -152.07",-7.54,"-7.55 to -7.54",47.89,"47.84 to 47.94","GCAUGC",-55.33,-54.7,-154.06,-152.07,-7.55,-7.54,47.84,47.94,-56.41,-0.157439948412059,-7.58,47.8305482000484
"3 Global fit",-56.3,"-56.67 to -55.84",-157.08,"-158.17 to -155.69",-7.58,"-7.61 to -7.55",47.86,"47.74 to 47.96","GCAUGC",-56.67,-55.84,-158.17,-155.69,-7.61,-7.55,47.74,47.96,-56.41,-0.157439948412059,-7.58,47.8305482000484
"1 individual fits",-60.54,"-60.83 to -60.26",-160.6,"-161.44 to -159.76",-10.73,"-10.75 to -10.72",60.13,"60.06 to 60.21","GCCGCG",-60.83,-60.26,-161.44,-159.76,-10.75,-10.72,60.06,60.21,-60.82,-0.161244559084314,-10.81,60.4718805575329
"2 Tm versus ln[Ct]",-59.15,"-59.48 to -58.85",-156.37,"-157.39 to -155.45",-10.65,"-10.67 to -10.63",60.21,"60.15 to 60.26","GCCGCG",-59.48,-58.85,-157.39,-155.45,-10.67,-10.63,60.15,60.26,-60.82,-0.161244559084314,-10.81,60.4718805575329
"3 Global fit",-60.25,"-60.96 to -59.19",-159.66,"-161.75 to -156.53",-10.73,"-10.79 to -10.64",60.26,"60.06 to 60.46","GCCGCG",-60.96,-59.19,-161.75,-156.53,-10.79,-10.64,60.06,60.46,-60.82,-0.161244559084314,-10.81,60.4718805575329
"1 individual fits",-63.61,"-63.84 to -63.27",-168.86,"-169.53 to -167.85",-11.24,"-11.26 to -11.21",66.71,"66.65 to 66.78","GCCGGC",-63.84,-63.27,-169.53,-167.85,-11.26,-11.21,66.65,66.78,-63.57,-0.168595840722231,-11.28,66.9809057370459
"2 Tm versus ln[Ct]",-61.77,"-62.14 to -61.44",-163.43,"-164.52 to -162.48",-11.08,"-11.12 to -11.05",66.74,"66.7 to 66.78","GCCGGC",-62.14,-61.44,-164.52,-162.48,-11.12,-11.05,66.7,66.78,-63.57,-0.168595840722231,-11.28,66.9809057370459
"3 Global fit",-63.26,"-63.47 to -62.89",-167.79,"-168.39 to -166.75",-11.22,"-11.24 to -11.18",66.79,"66.71 to 66.85","GCCGGC",-63.47,-62.89,-168.39,-166.75,-11.24,-11.18,66.71,66.85,-63.57,-0.168595840722231,-11.28,66.9809057370459
"1 individual fits",-60.59,"-61.26 to -60.03",-160.48,"-162.52 to -158.8",-10.82,"-10.86 to -10.77",60.61,"60.53 to 60.74","GCGCCG",-61.26,-60.03,-162.52,-158.8,-10.86,-10.77,60.53,60.74,-60.82,-0.161244559084314,-10.81,60.4718805575329
"2 Tm versus ln[Ct]",-62.82,"-64.23 to -61.73",-167.24,"-171.48 to -163.94",-10.95,"-11.04 to -10.88",60.45,"60.37 to 60.55","GCGCCG",-64.23,-61.73,-171.48,-163.94,-11.04,-10.88,60.37,60.55,-60.82,-0.161244559084314,-10.81,60.4718805575329
"3 Global fit",-60.88,"-61.83 to -60.03",-161.5,"-164.28 to -159.01",-10.79,"-10.88 to -10.69",60.32,"59.97 to 60.66","GCGCCG",-61.83,-60.03,-164.28,-159.01,-10.88,-10.69,59.97,60.66,-60.82,-0.161244559084314,-10.81,60.4718805575329
"1 individual fits",-62.38,"-62.76 to -62.03",-167.33,"-168.44 to -166.29",-10.48,"-10.52 to -10.46",62.9,"62.85 to 62.95","GCGCGC",-62.76,-62.03,-168.44,-166.29,-10.52,-10.46,62.85,62.95,-62.31,-0.167112687409318,-10.48,62.9060909618156
"2 Tm versus ln[Ct]",-63.01,"-63.31 to -62.67",-169.2,"-170.08 to -168.21",-10.53,"-10.55 to -10.5",62.88,"62.84 to 62.92","GCGCGC",-63.31,-62.67,-170.08,-168.21,-10.55,-10.5,62.84,62.92,-62.31,-0.167112687409318,-10.48,62.9060909618156
"3 Global fit",-62.32,"-62.56 to -62.06",-167.14,"-167.81 to -166.37",-10.49,"-10.51 to -10.46",62.93,"62.85 to 63.02","GCGCGC",-62.56,-62.06,-167.81,-166.37,-10.51,-10.46,62.85,63.02,-62.31,-0.167112687409318,-10.48,62.9060909618156
"1 individual fits",-61.18,"-61.91 to -60.64",-162.05,"-164.32 to -160.43",-10.92,"-10.95 to -10.89",60.96,"60.69 to 61.07","GCGCGG",-61.91,-60.64,-164.32,-160.43,-10.95,-10.89,60.69,61.07,-60.82,-0.161244559084314,-10.81,60.4718805575329
"2 Tm versus ln[Ct]",-66.31,"-67.39 to -63.44",-177.57,"-180.82 to -168.96",-11.23,"-11.31 to -11.03",60.68,"60.62 to 60.73","GCGCGG",-67.39,-63.44,-180.82,-168.96,-11.31,-11.03,60.62,60.73,-60.82,-0.161244559084314,-10.81,60.4718805575329
"3 Global fit",-61.46,"-62.07 to -60.85",-163.1,"-164.88 to -161.35",-10.87,"-10.93 to -10.8",60.56,"60.42 to 60.71","GCGCGG",-62.07,-60.85,-164.88,-161.35,-10.93,-10.8,60.42,60.71,-60.82,-0.161244559084314,-10.81,60.4718805575329
"1 individual fits",-60.82,"-61.2 to -60.44",-161.27,"-162.42 to -160.11",-10.8,"-10.82 to -10.78",60.43,"60.35 to 60.5","GCGGCG",-61.2,-60.44,-162.42,-160.11,-10.82,-10.78,60.35,60.5,-60.82,-0.161244559084314,-10.81,60.4718805575329
"2 Tm versus ln[Ct]",-56.36,"-56.69 to -56.05",-147.78,"-148.78 to -146.86",-10.53,"-10.55 to -10.51",60.67,"60.6 to 60.72","GCGGCG",-56.69,-56.05,-148.78,-146.86,-10.55,-10.51,60.6,60.72,-60.82,-0.161244559084314,-10.81,60.4718805575329
"3 Global fit",-59.91,"-60.36 to -59.15",-158.52,"-159.87 to -156.31",-10.74,"-10.78 to -10.67",60.43,"60.32 to 60.5","GCGGCG",-60.36,-59.15,-159.87,-156.31,-10.78,-10.67,60.32,60.5,-60.82,-0.161244559084314,-10.81,60.4718805575329
"1 individual fits",-56.43,"-56.8 to -56.08",-154.88,"-156.06 to -153.78",-8.39,"-8.41 to -8.37",47.58,"47.39 to 47.68","GCGUCG",-56.8,-56.08,-156.06,-153.78,-8.41,-8.37,47.39,47.68,-56.39,-0.154699339029502,-8.41,47.6907580986618
"2 Tm versus ln[Ct]",-56.37,"-56.85 to -56.05",-154.69,"-156.26 to -153.67",-8.39,"-8.4 to -8.37",47.6,"47.42 to 47.67","GCGUCG",-56.85,-56.05,-156.26,-153.67,-8.4,-8.37,47.42,47.67,-56.39,-0.154699339029502,-8.41,47.6907580986618
"3 Global fit",-56.48,"-57.1 to -55.92",-155.08,"-156.94 to -153.41",-8.38,"-8.43 to -8.34",47.5,"47.33 to 47.7","GCGUCG",-57.1,-55.92,-156.94,-153.41,-8.43,-8.34,47.33,47.7,-56.39,-0.154699339029502,-8.41,47.6907580986618
"1 individual fits",-51.78,"-52.27 to -51.45",-143.26,"-144.86 to -142.18",-7.35,"-7.36 to -7.33",41.96,"41.83 to 42.06","GCUACG",-52.27,-51.45,-144.86,-142.18,-7.36,-7.33,41.83,42.06,-51.48,-0.142414960502982,-7.31,41.7651734930737
"2 Tm versus ln[Ct]",-52.89,"-53.17 to -52.66",-146.82,"-147.76 to -146.08",-7.35,"-7.36 to -7.34",41.87,"41.78 to 41.93","GCUACG",-53.17,-52.66,-147.76,-146.08,-7.36,-7.34,41.78,41.93,-51.48,-0.142414960502982,-7.31,41.7651734930737
"3 Global fit",-51.44,"-51.97 to -51.07",-142.29,"-143.9 to -141.16",-7.31,"-7.34 to -7.27",41.77,"41.52 to 41.97","GCUACG",-51.97,-51.07,-143.9,-141.16,-7.34,-7.27,41.52,41.97,-51.48,-0.142414960502982,-7.31,41.7651734930737
"1 individual fits",-54.83,"-55.07 to -54.51",-151.77,"-152.52 to -150.82",-7.76,"-7.77 to -7.74",49.24,"49.16 to 49.32","GCUAGC",-55.07,-54.51,-152.52,-150.82,-7.77,-7.74,49.16,49.32,-54.8,-0.151604062550379,-7.78,49.3796666826905
"2 Tm versus ln[Ct]",-57.62,"-58.07 to -57.13",-160.45,"-161.87 to -158.93",-7.86,"-7.87 to -7.84",49.2,"49.13 to 49.26","GCUAGC",-58.07,-57.13,-161.87,-158.93,-7.87,-7.84,49.13,49.26,-54.8,-0.151604062550379,-7.78,49.3796666826905
"3 Global fit",-55.12,"-55.71 to -54.56",-152.64,"-154.44 to -150.92",-7.78,"-7.81 to -7.74",49.29,"49.13 to 49.43","GCUAGC",-55.71,-54.56,-154.44,-150.92,-7.81,-7.74,49.13,49.43,-54.8,-0.151604062550379,-7.78,49.3796666826905
"1 individual fits",-57.4,"-57.69 to -57.16",-161.42,"-162.33 to -160.68",-7.33,"-7.34 to -7.32",46.22,"46.17 to 46.26","GGAUCC",-57.69,-57.16,-162.33,-160.68,-7.34,-7.32,46.17,46.26,-57.43,-0.161373528937611,-7.38,46.4803266622694
"2 Tm versus ln[Ct]",-54.29,"-54.55 to -53.92",-151.65,"-152.47 to -150.49",-7.25,"-7.26 to -7.24",46.29,"46.24 to 46.33","GGAUCC",-54.55,-53.92,-152.47,-150.49,-7.26,-7.24,46.24,46.33,-57.43,-0.161373528937611,-7.38,46.4803266622694
"3 Global fit",-56.82,"-57.44 to -56.38",-159.55,"-161.52 to -158.16",-7.33,"-7.36 to -7.31",46.32,"46.18 to 46.44","GGAUCC",-57.44,-56.38,-161.52,-158.16,-7.36,-7.31,46.18,46.44,-57.43,-0.161373528937611,-7.38,46.4803266622694
"1 individual fits",-63.47,"-63.72 to -63.17",-168.38,"-169.13 to -167.48",-11.25,"-11.27 to -11.22",66.83,"66.77 to 66.9","GGCGCC",-63.72,-63.17,-169.13,-167.48,-11.27,-11.22,66.77,66.9,-63.57,-0.168595840722231,-11.28,66.9809057370459
"2 Tm versus ln[Ct]",-62.88,"-63.39 to -62.53",-166.66,"-168.15 to -165.64",-11.19,"-11.24 to -11.16",66.82,"66.78 to 66.87","GGCGCC",-63.39,-62.53,-168.15,-165.64,-11.24,-11.16,66.78,66.87,-63.57,-0.168595840722231,-11.28,66.9809057370459
"3 Global fit",-63.24,"-63.75 to -62.79",-167.71,"-169.13 to -166.41",-11.22,"-11.29 to -11.16",66.81,"66.63 to 67.05","GGCGCC",-63.75,-62.79,-169.13,-166.41,-11.29,-11.16,66.63,67.05,-63.57,-0.168595840722231,-11.28,66.9809057370459
"1 individual fits",-60.62,"-61.01 to -60.38",-160.58,"-161.75 to -159.84",-10.82,"-10.85 to -10.8",60.6,"60.54 to 60.66","GGCGCG",-61.01,-60.38,-161.75,-159.84,-10.85,-10.8,60.54,60.66,-60.82,-0.161244559084314,-10.81,60.4718805575329
"2 Tm versus ln[Ct]",-60.62,"-61.02 to -60.26",-160.58,"-161.77 to -159.51",-10.82,"-10.85 to -10.79",60.59,"60.54 to 60.65","GGCGCG",-61.02,-60.26,-161.77,-159.51,-10.85,-10.79,60.54,60.65,-60.82,-0.161244559084314,-10.81,60.4718805575329
"3 Global fit",-60.86,"-61.19 to -60.52",-161.35,"-162.32 to -160.32",-10.82,"-10.85 to -10.79",60.52,"60.46 to 60.59","GGCGCG",-61.19,-60.52,-162.32,-160.32,-10.85,-10.79,60.46,60.59,-60.82,-0.161244559084314,-10.81,60.4718805575329
"1 individual fits",-54,"-54.48 to -53.6",-148.9,"-150.42 to -147.65",-7.82,"-7.83 to -7.8",49.82,"49.64 to 49.93","GGUACC",-54.48,-53.6,-150.42,-147.65,-7.83,-7.8,49.64,49.93,-53.66,-0.14792842173142,-7.78,49.6534011285357
"2 Tm versus ln[Ct]",-57.4,"-57.96 to -55.73",-159.47,"-161.17 to -154.32",-7.94,"-7.96 to -7.87",49.73,"49.67 to 49.79","GGUACC",-57.96,-55.73,-161.17,-154.32,-7.96,-7.87,49.67,49.79,-53.66,-0.14792842173142,-7.78,49.6534011285357
"3 Global fit",-54.13,"-54.49 to -53.82",-149.51,"-150.64 to -148.61",-7.76,"-7.78 to -7.74",49.39,"49.31 to 49.49","GGUACC",-54.49,-53.82,-150.64,-148.61,-7.78,-7.74,49.31,49.49,-53.66,-0.14792842173142,-7.78,49.6534011285357
"1 individual fits",-54.59,"-54.87 to -54.27",-155.2,"-156.12 to -154.18",-6.46,"-6.47 to -6.45",41.51,"41.43 to 41.59","GUCGAC",-54.87,-54.27,-156.12,-154.18,-6.47,-6.45,41.43,41.59,-54.71,-0.155505400612607,-6.48,41.622280378939
"2 Tm versus ln[Ct]",-52.23,"-52.54 to -51.94",-147.65,"-148.64 to -146.7",-6.44,"-6.44 to -6.43",41.57,"41.49 to 41.64","GUCGAC",-52.54,-51.94,-148.64,-146.7,-6.44,-6.43,41.49,41.64,-54.71,-0.155505400612607,-6.48,41.622280378939
"3 Global fit",-54.29,"-54.81 to -53.48",-154.23,"-155.88 to -151.56",-6.45,"-6.47 to -6.43",41.5,"41.37 to 41.66","GUCGAC",-54.81,-53.48,-155.88,-151.56,-6.47,-6.43,41.37,41.66,-54.71,-0.155505400612607,-6.48,41.622280378939
"1 individual fits",-55.14,"-55.39 to -54.93",-153.55,"-154.3 to -152.91",-7.52,"-7.54 to -7.5",47.73,"47.63 to 47.82","GUGCAC",-55.39,-54.93,-154.3,-152.91,-7.54,-7.5,47.63,47.82,-54.95,-0.153054973399968,-7.48,47.5241231147303
"2 Tm versus ln[Ct]",-54.22,"-54.67 to -53.66",-150.64,"-152.05 to -148.94",-7.5,"-7.52 to -7.47",47.77,"47.67 to 47.83","GUGCAC",-54.67,-53.66,-152.05,-148.94,-7.52,-7.47,47.67,47.83,-54.95,-0.153054973399968,-7.48,47.5241231147303
"3 Global fit",-54.74,"-55.09 to -54.4",-152.39,"-153.49 to -151.3",-7.48,"-7.5 to -7.46",47.56,"47.47 to 47.65","GUGCAC",-55.09,-54.4,-153.49,-151.3,-7.5,-7.46,47.47,47.65,-54.95,-0.153054973399968,-7.48,47.5241231147303
"1 individual fits",-53.59,"-53.89 to -53.35",-147.63,"-148.6 to -146.86",-7.8,"-7.81 to -7.79",44.54,"44.47 to 44.6","GUGGUG",-53.89,-53.35,-148.6,-146.86,-7.81,-7.79,44.47,44.6,-53.46,-0.147186845074964,-7.81,44.6018855735336
"2 Tm versus ln[Ct]",-52.76,"-52.93 to -52.53",-144.99,"-145.55 to -144.27",-7.79,"-7.79 to -7.78",44.57,"44.53 to 44.61","GUGGUG",-52.93,-52.53,-145.55,-144.27,-7.79,-7.78,44.53,44.61,-53.46,-0.147186845074964,-7.81,44.6018855735336
"3 Global fit",-53.32,"-53.46 to -53.14",-146.81,"-147.25 to -146.26",-7.78,"-7.79 to -7.78",44.46,"44.4 to 44.51","GUGGUG",-53.46,-53.14,-147.25,-146.26,-7.79,-7.78,44.4,44.51,-53.46,-0.147186845074964,-7.81,44.6018855735336
"1 individual fits",-52.84,"-53.01 to -52.63",-148.12,"-148.64 to -147.45",-6.9,"-6.91 to -6.9",39.18,"39.12 to 39.24","GUGUCG",-53.01,-52.63,-148.64,-147.45,-6.91,-6.9,39.12,39.24,-52.71,-0.147670482024827,-6.91,39.2460706574831
"2 Tm versus ln[Ct]",-53.14,"-53.41 to -52.94",-149.08,"-149.96 to -148.41",-6.9,"-6.91 to -6.9",39.19,"39.13 to 39.24","GUGUCG",-53.41,-52.94,-149.96,-148.41,-6.91,-6.9,39.13,39.24,-52.71,-0.147670482024827,-6.91,39.2460706574831
"3 Global fit",-52.47,"-52.78 to -52.13",-146.94,"-147.91 to -145.9",-6.9,"-6.91 to -6.87",39.17,"39.03 to 39.26","GUGUCG",-52.78,-52.13,-147.91,-145.9,-6.91,-6.87,39.03,39.26,-52.71,-0.147670482024827,-6.91,39.2460706574831
"1 individual fits",-44.36,"-44.84 to -44.06",-129.83,"-131.45 to -128.83",-4.1,"-4.11 to -4.08",26.33,"26.25 to 26.39","UCAUGA",-44.84,-44.06,-131.45,-128.83,-4.11,-4.08,26.25,26.39,-44.09,-0.129002095760116,-4.08,26.1611888666864
"2 Tm versus ln[Ct]",-44.86,"-45.4 to -44.39",-131.5,"-133.3 to -129.95",-4.08,"-4.1 to -4.06",26.32,"26.26 to 26.4","UCAUGA",-45.4,-44.39,-133.3,-129.95,-4.1,-4.06,26.26,26.4,-44.09,-0.129002095760116,-4.08,26.1611888666864
"3 Global fit",-44.29,"-44.43 to -44.08",-129.56,"-130.06 to -128.88",-4.1,"-4.11 to -4.09",26.35,"26.29 to 26.41","UCAUGA",-44.43,-44.08,-130.06,-128.88,-4.11,-4.09,26.29,26.41,-44.09,-0.129002095760116,-4.08,26.1611888666864
"1 individual fits",-51.5,"-51.87 to -50.9",-140.91,"-142.07 to -139.07",-7.8,"-7.82 to -7.77",50.32,"50.25 to 50.4","UCCGGA",-51.87,-50.9,-142.07,-139.07,-7.82,-7.77,50.25,50.4,-51.25,-0.140157988070289,-7.78,50.2738853660553
"2 Tm versus ln[Ct]",-54.93,"-55.41 to -53.93",-151.54,"-153.03 to -148.48",-7.93,"-7.95 to -7.88",50.26,"50.17 to 50.33","UCCGGA",-55.41,-53.93,-153.03,-148.48,-7.95,-7.88,50.17,50.33,-51.25,-0.140157988070289,-7.78,50.2738853660553
"3 Global fit",-51.14,"-51.48 to -50.87",-139.88,"-140.85 to -139.07",-7.75,"-7.79 to -7.73",50.13,"50 to 50.27","UCCGGA",-51.48,-50.87,-140.85,-139.07,-7.79,-7.73,50,50.27,-51.25,-0.140157988070289,-7.78,50.2738853660553
"1 individual fits",-50.1,"-50.26 to -49.92",-139.06,"-139.6 to -138.52",-6.97,"-6.98 to -6.96",45.21,"45.15 to 45.27","UCGCGA",-50.26,-49.92,-139.6,-138.52,-6.98,-6.96,45.15,45.27,-49.99,-0.138674834757375,-6.98,45.303031703521
"2 Tm versus ln[Ct]",-50.17,"-50.46 to -49.97",-139.29,"-140.21 to -138.68",-6.97,"-6.97 to -6.96",45.19,"45.15 to 45.24","UCGCGA",-50.46,-49.97,-140.21,-138.68,-6.97,-6.96,45.15,45.24,-49.99,-0.138674834757375,-6.98,45.303031703521
"3 Global fit",-49.92,"-50.46 to -49.45",-138.48,"-140.16 to -137.05",-6.97,"-7 to -6.95",45.26,"45.11 to 45.4","UCGCGA",-50.46,-49.45,-140.16,-137.05,-7,-6.95,45.11,45.4,-49.99,-0.138674834757375,-6.98,45.303031703521
"1 individual fits",-43.14,"-43.46 to -42.72",-125.27,"-126.36 to -123.87",-4.29,"-4.3 to -4.27",27.3,"27.23 to 27.39","UCUAGA",-43.46,-42.72,-126.36,-123.87,-4.3,-4.27,27.23,27.39,-42.48,-0.123166209898436,-4.28,27.1278030154173
"2 Tm versus ln[Ct]",-43.42,"-43.75 to -43.07",-126.21,"-127.28 to -125.03",-4.28,"-4.29 to -4.27",27.33,"27.28 to 27.39","UCUAGA",-43.75,-43.07,-127.28,-125.03,-4.29,-4.27,27.28,27.39,-42.48,-0.123166209898436,-4.28,27.1278030154173
"3 Global fit",-42.06,"-42.57 to -41.58",-121.77,"-123.51 to -120.23",-4.29,"-4.32 to -4.26",27.12,"26.99 to 27.29","UCUAGA",-42.57,-41.58,-123.51,-120.23,-4.32,-4.26,26.99,27.29,-42.48,-0.123166209898436,-4.28,27.1278030154173
"1 individual fits",-44.3,"-44.93 to -43.76",-129.68,"-131.81 to -127.88",-4.08,"-4.1 to -4.05",26.22,"26.14 to 26.27","UGAUCA",-44.93,-43.76,-131.81,-127.88,-4.1,-4.05,26.14,26.27,-44.09,-0.129002095760116,-4.08,26.1611888666864
"2 Tm versus ln[Ct]",-46.7,"-47.48 to -46.08",-137.73,"-140.31 to -135.65",-3.99,"-4.01 to -3.96",26.16,"26.1 to 26.22","UGAUCA",-47.48,-46.08,-140.31,-135.65,-4.01,-3.96,26.1,26.22,-44.09,-0.129002095760116,-4.08,26.1611888666864
"3 Global fit",-44.58,"-45.15 to -43.73",-130.7,"-132.61 to -127.79",-4.04,"-4.1 to -4.01",26.03,"25.9 to 26.22","UGAUCA",-45.15,-43.73,-132.61,-127.79,-4.1,-4.01,25.9,26.22,-44.09,-0.129002095760116,-4.08,26.1611888666864
"1 individual fits",-50,"-50.29 to -49.73",-135.53,"-136.45 to -134.66",-7.96,"-7.98 to -7.95",51.89,"51.76 to 51.99","UGCGCA",-50.29,-49.73,-136.45,-134.66,-7.98,-7.95,51.76,51.99,-50.23,-0.136224407544736,-7.98,51.90605047106
"2 Tm versus ln[Ct]",-52.68,"-53.51 to -51.94",-143.8,"-146.36 to -141.54",-8.08,"-8.12 to -8.04",51.81,"51.73 to 51.89","UGCGCA",-53.51,-51.94,-146.36,-141.54,-8.12,-8.04,51.73,51.89,-50.23,-0.136224407544736,-7.98,51.90605047106
"3 Global fit",-50.23,"-50.93 to -49.72",-136.31,"-138.46 to -134.77",-7.95,"-8 to -7.92",51.73,"51.56 to 51.94","UGCGCA",-50.93,-49.72,-138.46,-134.77,-8,-7.92,51.56,51.94,-50.23,-0.136224407544736,-7.98,51.90605047106
"1 individual fits",-60.01,"-60.23 to -59.75",-163.6,"-164.28 to -162.85",-9.27,"-9.28 to -9.25",51.83,"51.74 to 51.9","AAGGAGG",-60.23,-59.75,-164.28,-162.85,-9.28,-9.25,51.74,51.9,-59.67,-0.162534257617282,-9.26,51.8643562896939
"2 Tm versus ln[Ct]",-59.96,"-60.26 to -59.66",-163.44,"-164.35 to -162.51",-9.27,"-9.28 to -9.25",51.85,"51.76 to 51.91","AAGGAGG",-60.26,-59.66,-164.35,-162.51,-9.28,-9.25,51.76,51.91,-59.67,-0.162534257617282,-9.26,51.8643562896939
"3 Global fit",-60.29,"-60.78 to -59.72",-164.49,"-165.98 to -162.74",-9.28,"-9.31 to -9.25",51.79,"51.69 to 51.92","AAGGAGG",-60.78,-59.72,-165.98,-162.74,-9.31,-9.25,51.69,51.92,-59.67,-0.162534257617282,-9.26,51.8643562896939
"1 individual fits",-55.43,"-55.67 to -55.21",-153.66,"-154.46 to -152.97",-7.77,"-7.78 to -7.76",44.1,"44.04 to 44.16","ACUGUCA",-55.67,-55.21,-154.46,-152.97,-7.78,-7.76,44.04,44.16,-55.55,-0.153925519909721,-7.81,44.3091337611823
"2 Tm versus ln[Ct]",-54.86,"-55.24 to -54.45",-151.86,"-153.07 to -150.57",-7.76,"-7.77 to -7.75",44.13,"44.08 to 44.18","ACUGUCA",-55.24,-54.45,-153.07,-150.57,-7.77,-7.75,44.08,44.18,-55.55,-0.153925519909721,-7.81,44.3091337611823
"3 Global fit",-55.08,"-55.41 to -54.78",-152.55,"-153.62 to -151.62",-7.77,"-7.78 to -7.75",44.12,"44.01 to 44.23","ACUGUCA",-55.41,-54.78,-153.62,-151.62,-7.78,-7.75,44.01,44.23,-55.55,-0.153925519909721,-7.81,44.3091337611823
"1 individual fits",-56.71,"-57.02 to -56.37",-158.16,"-159.13 to -157.05",-7.65,"-7.66 to -7.64",43.27,"43.19 to 43.35","AGUCUGA",-57.02,-56.37,-159.13,-157.05,-7.66,-7.64,43.19,43.35,-56.63,-0.157730130581976,-7.71,43.5942727098451
"2 Tm versus ln[Ct]",-56.84,"-57.36 to -56.08",-158.58,"-160.24 to -156.17",-7.65,"-7.67 to -7.64",43.26,"43.19 to 43.31","AGUCUGA",-57.36,-56.08,-160.24,-156.17,-7.67,-7.64,43.19,43.31,-56.63,-0.157730130581976,-7.71,43.5942727098451
"3 Global fit",-56.25,"-56.82 to -55.71",-156.69,"-158.44 to -155.06",-7.65,"-7.68 to -7.61",43.29,"43.07 to 43.42","AGUCUGA",-56.82,-55.71,-158.44,-155.06,-7.68,-7.61,43.07,43.42,-56.63,-0.157730130581976,-7.71,43.5942727098451
"1 individual fits",-63.96,"-64.24 to -63.61",-178.41,"-179.3 to -177.3",-8.63,"-8.63 to -8.62",47.51,"47.45 to 47.55","GACUCAG",-64.24,-63.61,-179.3,-177.3,-8.63,-8.62,47.45,47.55,-64.07,-0.178816701596002,-8.61,47.4014118480504
"2 Tm versus ln[Ct]",-62.95,"-63.19 to -62.72",-175.21,"-175.99 to -174.49",-8.61,"-8.61 to -8.6",47.57,"47.52 to 47.61","GACUCAG",-63.19,-62.72,-175.99,-174.49,-8.61,-8.6,47.52,47.61,-64.07,-0.178816701596002,-8.61,47.4014118480504
"3 Global fit",-63.48,"-64.23 to -62.67",-176.98,"-179.29 to -174.32",-8.59,"-8.63 to -8.56",47.38,"47.26 to 47.6","GACUCAG",-64.23,-62.67,-179.29,-174.32,-8.63,-8.56,47.26,47.6,-64.07,-0.178816701596002,-8.61,47.4014118480504
"1 individual fits",-63.74,"-64.17 to -63.26",-177.71,"-179.09 to -176.17",-8.62,"-8.64 to -8.62",47.53,"47.46 to 47.62","GAGUGAG",-64.17,-63.26,-179.09,-176.17,-8.64,-8.62,47.46,47.62,-64.07,-0.178816701596002,-8.61,47.4014118480504
"2 Tm versus ln[Ct]",-61.22,"-61.69 to -60.78",-169.75,"-171.2 to -168.36",-8.57,"-8.59 to -8.56",47.7,"47.65 to 47.77","GAGUGAG",-61.69,-60.78,-171.2,-168.36,-8.59,-8.56,47.65,47.77,-64.07,-0.178816701596002,-8.61,47.4014118480504
"3 Global fit",-63.36,"-63.84 to -62.93",-176.61,"-178.05 to -175.32",-8.58,"-8.62 to -8.54",47.37,"47.17 to 47.52","GAGUGAG",-63.84,-62.93,-178.05,-175.32,-8.62,-8.54,47.17,47.52,-64.07,-0.178816701596002,-8.61,47.4014118480504
"1 individual fits",-63.09,"-63.46 to -62.85",-175.34,"-176.51 to -174.58",-8.7,"-8.71 to -8.7",48.09,"48.01 to 48.15","GUCACUG",-63.46,-62.85,-176.51,-174.58,-8.71,-8.7,48.01,48.15,-62.99,-0.175012090923747,-8.71,48.1132674066587
"2 Tm versus ln[Ct]",-65.81,"-66.2 to -65.41",-183.91,"-185.14 to -182.63",-8.77,"-8.78 to -8.76",47.91,"47.86 to 47.97","GUCACUG",-66.2,-65.41,-185.14,-182.63,-8.78,-8.76,47.86,47.97,-62.99,-0.175012090923747,-8.71,48.1132674066587
"3 Global fit",-63.25,"-63.55 to -63.01",-175.84,"-176.75 to -175.08",-8.72,"-8.73 to -8.7",48.1,"48.02 to 48.16","GUCACUG",-63.55,-63.01,-176.75,-175.08,-8.73,-8.7,48.02,48.16,-62.99,-0.175012090923747,-8.71,48.1132674066587
"1 individual fits",-54.43,"-54.9 to -54.03",-154.98,"-156.52 to -153.69",-6.36,"-6.37 to -6.35",40.95,"40.85 to 41.02","AACUAGUU",-54.9,-54.03,-156.52,-153.69,-6.37,-6.35,40.85,41.02,-54.04,-0.15399000483637,-6.28,40.5021208398992
"2 Tm versus ln[Ct]",-59.27,"-59.81 to -58.82",-170.56,"-172.3 to -169.13",-6.37,"-6.38 to -6.36",40.68,"40.63 to 40.74","AACUAGUU",-59.81,-58.82,-172.3,-169.13,-6.38,-6.36,40.63,40.74,-54.04,-0.15399000483637,-6.28,40.5021208398992
"3 Global fit",-54.11,"-54.46 to -53.84",-154.27,"-155.37 to -153.32",-6.27,"-6.29 to -6.26",40.42,"40.35 to 40.53","AACUAGUU",-54.46,-53.84,-155.37,-153.32,-6.29,-6.26,40.35,40.53,-54.04,-0.15399000483637,-6.28,40.5021208398992
"1 individual fits",-56.95,"-57.14 to -56.73",-163.88,"-164.51 to -163.18",-6.12,"-6.12 to -6.11",39.43,"39.38 to 39.49","AAUGCAUU",-57.14,-56.73,-164.51,-163.18,-6.12,-6.11,39.38,39.49,-57.11,-0.16421086571014,-6.18,39.7580960131577
"2 Tm versus ln[Ct]",-56.36,"-56.68 to -56.07",-161.99,"-163.03 to -161.07",-6.12,"-6.12 to -6.11",39.45,"39.41 to 39.49","AAUGCAUU",-56.68,-56.07,-163.03,-161.07,-6.12,-6.11,39.41,39.49,-57.11,-0.16421086571014,-6.18,39.7580960131577
"3 Global fit",-56.91,"-57.29 to -56.61",-163.66,"-164.9 to -162.74",-6.15,"-6.16 to -6.13",39.58,"39.48 to 39.66","AAUGCAUU",-57.29,-56.61,-164.9,-162.74,-6.16,-6.13,39.48,39.66,-57.11,-0.16421086571014,-6.18,39.7580960131577
"1 individual fits",-67.06,"-67.38 to -66.8",-182.78,"-183.79 to -181.99",-10.37,"-10.38 to -10.36",55.82,"55.76 to 55.87","ACCUUUGC",-67.38,-66.8,-183.79,-181.99,-10.38,-10.36,55.76,55.87,-66.9,-0.182298887635015,-10.36,55.8288787784846
"2 Tm versus ln[Ct]",-69.87,"-70.11 to -69.62",-191.46,"-192.22 to -190.68",-10.49,"-10.5 to -10.48",55.62,"55.58 to 55.66","ACCUUUGC",-70.11,-69.62,-192.22,-190.68,-10.5,-10.48,55.58,55.66,-66.9,-0.182298887635015,-10.36,55.8288787784846
"3 Global fit",-66.18,"-67.03 to -65.56",-180.16,"-182.86 to -178.23",-10.3,"-10.34 to -10.26",55.74,"55.55 to 55.91","ACCUUUGC",-67.03,-65.56,-182.86,-178.23,-10.34,-10.26,55.55,55.91,-66.9,-0.182298887635015,-10.36,55.8288787784846
"1 individual fits",-57.91,"-58.23 to -57.65",-164.43,"-165.46 to -163.64",-6.91,"-6.93 to -6.87",43.76,"43.54 to 43.9","ACUAUAGU",-58.23,-57.65,-165.46,-163.64,-6.93,-6.87,43.54,43.9,-57.47,-0.163114621957118,-6.88,43.6332673332113
"2 Tm versus ln[Ct]",-61.19,"-63.56 to -57.37",-174.88,"-182.36 to -162.8",-6.96,"-7 to -6.88",43.62,"43.56 to 43.68","ACUAUAGU",-63.56,-57.37,-182.36,-162.8,-7,-6.88,43.56,43.68,-57.47,-0.163114621957118,-6.88,43.6332673332113
"3 Global fit",-57.28,"-57.76 to -56.95",-162.55,"-164.07 to -161.52",-6.87,"-6.89 to -6.85",43.59,"43.46 to 43.71","ACUAUAGU",-57.76,-56.95,-164.07,-161.52,-6.89,-6.85,43.46,43.71,-57.47,-0.163114621957118,-6.88,43.6332673332113
"1 individual fits",-54.36,"-54.74 to -54.04",-155.04,"-156.2 to -154.02",-6.28,"-6.29 to -6.27",40.45,"40.38 to 40.54","ACUUAAGU",-54.74,-54.04,-156.2,-154.02,-6.29,-6.27,40.38,40.54,-54.04,-0.15399000483637,-6.28,40.5021208398992
"2 Tm versus ln[Ct]",-56.16,"-56.49 to -55.78",-160.82,"-161.88 to -159.6",-6.28,"-6.29 to -6.27",40.38,"40.32 to 40.45","ACUUAAGU",-56.49,-55.78,-161.88,-159.6,-6.29,-6.27,40.32,40.45,-54.04,-0.15399000483637,-6.28,40.5021208398992
"3 Global fit",-54.69,"-55.01 to -54.4",-156.12,"-157.14 to -155.24",-6.27,"-6.29 to -6.25",40.4,"40.3 to 40.51","ACUUAAGU",-55.01,-54.4,-157.14,-155.24,-6.29,-6.25,40.3,40.51,-54.04,-0.15399000483637,-6.28,40.5021208398992
"1 individual fits",-72.16,"-73.08 to -71.75",-199.9,"-202.81 to -198.63",-10.17,"-10.19 to -10.15",53.45,"53.27 to 53.52","AGAGAGAG",-73.08,-71.75,-202.81,-198.63,-10.19,-10.15,53.27,53.52,-71.91,-0.199097211026922,-10.16,53.483740300224
"2 Tm versus ln[Ct]",-74.63,"-75.04 to -73.69",-207.54,"-208.83 to -204.68",-10.26,"-10.27 to -10.21",53.3,"53.25 to 53.35","AGAGAGAG",-75.04,-73.69,-208.83,-204.68,-10.27,-10.21,53.25,53.35,-71.91,-0.199097211026922,-10.16,53.483740300224
"3 Global fit",-71.84,"-72.83 to -71.23",-198.89,"-201.96 to -197.02",-10.15,"-10.2 to -10.12",53.46,"53.35 to 53.55","AGAGAGAG",-72.83,-71.23,-201.96,-197.02,-10.2,-10.12,53.35,53.55,-71.91,-0.199097211026922,-10.16,53.483740300224
"1 individual fits",-61.49,"-61.85 to -61.17",-177.38,"-178.57 to -176.36",-6.47,"-6.48 to -6.46",41.07,"40.98 to 41.15","AGAUAUCU",-61.85,-61.17,-178.57,-176.36,-6.48,-6.46,40.98,41.15,-61.24,-0.176559729163308,-6.48,41.1228564210892
"2 Tm versus ln[Ct]",-63.01,"-63.4 to -62.47",-182.28,"-183.51 to -180.56",-6.48,"-6.49 to -6.47",41.01,"40.97 to 41.06","AGAUAUCU",-63.4,-62.47,-183.51,-180.56,-6.49,-6.47,40.97,41.06,-61.24,-0.176559729163308,-6.48,41.1228564210892
"3 Global fit",-61.46,"-62.01 to -60.93",-177.35,"-179.04 to -175.75",-6.45,"-6.48 to -6.43",40.97,"40.85 to 41.09","AGAUAUCU",-62.01,-60.93,-179.04,-175.75,-6.48,-6.43,40.85,41.09,-61.24,-0.176559729163308,-6.48,41.1228564210892
"1 individual fits",-54.2,"-54.49 to -53.94",-154.5,"-155.43 to -153.64",-6.29,"-6.3 to -6.28",40.52,"40.43 to 40.6","AGUUAACU",-54.49,-53.94,-155.43,-153.64,-6.3,-6.28,40.43,40.6,-54.04,-0.153990004836369,-6.28,40.5021208398993
"2 Tm versus ln[Ct]",-54.46,"-54.72 to -54.2",-155.3,"-156.15 to -154.49",-6.29,"-6.3 to -6.28",40.53,"40.47 to 40.59","AGUUAACU",-54.72,-54.2,-156.15,-154.49,-6.3,-6.28,40.47,40.59,-54.04,-0.153990004836369,-6.28,40.5021208398993
"3 Global fit",-54.66,"-54.92 to -54.05",-155.94,"-156.76 to -153.93",-6.29,"-6.31 to -6.27",40.53,"40.39 to 40.69","AGUUAACU",-54.92,-54.05,-156.76,-153.93,-6.31,-6.27,40.39,40.69,-54.04,-0.153990004836369,-6.28,40.5021208398993
"1 individual fits",-57.08,"-57.47 to -56.34",-163.85,"-165.07 to -161.5",-6.26,"-6.27 to -6.24",40.23,"40.14 to 40.29","AUACGUAU",-57.47,-56.34,-165.07,-161.5,-6.27,-6.24,40.14,40.29,-56.53,-0.162340802837337,-6.18,39.7866484401708
"2 Tm versus ln[Ct]",-59.03,"-59.44 to -58.31",-170.12,"-171.44 to -167.84",-6.26,"-6.27 to -6.25",40.12,"40.05 to 40.17","AUACGUAU",-59.44,-58.31,-171.44,-167.84,-6.27,-6.25,40.05,40.17,-56.53,-0.162340802837337,-6.18,39.7866484401708
"3 Global fit",-57.08,"-57.63 to -56.47",-164.08,"-165.84 to -162.06",-6.19,"-6.22 to -6.17",39.79,"39.68 to 39.97","AUACGUAU",-57.63,-56.47,-165.84,-162.06,-6.22,-6.17,39.68,39.97,-56.53,-0.162340802837337,-6.18,39.7866484401708
"1 individual fits",-61.38,"-61.75 to -60.99",-176.97,"-178.15 to -175.75",-6.49,"-6.5 to -6.48",41.17,"41.11 to 41.22","AUCUAGAU",-61.75,-60.99,-178.15,-175.75,-6.5,-6.48,41.11,41.22,-61.24,-0.176559729163308,-6.48,41.1228564210892
"2 Tm versus ln[Ct]",-62.37,"-62.65 to -62",-180.15,"-181.05 to -179",-6.5,"-6.5 to -6.49",41.13,"41.09 to 41.17","AUCUAGAU",-62.65,-62,-181.05,-179,-6.5,-6.49,41.09,41.17,-61.24,-0.176559729163308,-6.48,41.1228564210892
"3 Global fit",-61.6,"-62.48 to -60.84",-177.75,"-180.62 to -175.31",-6.47,"-6.49 to -6.44",41.03,"40.87 to 41.16","AUCUAGAU",-62.48,-60.84,-180.62,-175.31,-6.49,-6.44,40.87,41.16,-61.24,-0.176559729163308,-6.48,41.1228564210892
"1 individual fits",-68.37,"-69.27 to -67.75",-187.4,"-190.11 to -185.55",-10.24,"-10.29 to -10.21",59.21,"59.13 to 59.29","AUGCGCAU",-69.27,-67.75,-190.11,-185.55,-10.29,-10.21,59.13,59.29,-68.99,-0.189617926809608,-10.18,58.6591703113861
"2 Tm versus ln[Ct]",-77.33,"-78.93 to -76.14",-214.64,"-219.5 to -211.01",-10.76,"-10.85 to -10.69",58.83,"58.76 to 58.89","AUGCGCAU",-78.93,-76.14,-219.5,-211.01,-10.85,-10.69,58.76,58.89,-68.99,-0.189617926809608,-10.18,58.6591703113861
"3 Global fit",-68.94,"-69.3 to -68.58",-189.37,"-190.45 to -188.29",-10.2,"-10.24 to -10.17",58.8,"58.75 to 58.89","AUGCGCAU",-69.3,-68.58,-190.45,-188.29,-10.24,-10.17,58.75,58.89,-68.99,-0.189617926809608,-10.18,58.6591703113861
"1 individual fits",-58.8,"-58.98 to -58.57",-168.2,"-168.79 to -167.46",-6.63,"-6.63 to -6.62",42.11,"42.07 to 42.16","AUGUACAU",-58.98,-58.57,-168.79,-167.46,-6.63,-6.62,42.07,42.16,-59.08,-0.168950507818797,-6.68,42.3584647215444
"2 Tm versus ln[Ct]",-58.56,"-58.75 to -58.39",-167.47,"-168.05 to -166.91",-6.62,"-6.63 to -6.62",42.1,"42.07 to 42.14","AUGUACAU",-58.75,-58.39,-168.05,-166.91,-6.63,-6.62,42.07,42.14,-59.08,-0.168950507818797,-6.68,42.3584647215444
"3 Global fit",-58.51,"-59.4 to -57.91",-167.28,"-170.11 to -165.38",-6.63,"-6.65 to -6.6",42.12,"41.95 to 42.27","AUGUACAU",-59.4,-57.91,-170.11,-165.38,-6.65,-6.6,41.95,42.27,-59.08,-0.168950507818797,-6.68,42.3584647215444
"1 individual fits",-51.64,"-52.04 to -51.22",-151.7,"-153.04 to -150.32",-4.59,"-4.61 to -4.57",25.76,"25.71 to 25.81","CAAAAAAG",-52.04,-51.22,-153.04,-150.32,-4.61,-4.57,25.71,25.81,-51.41,-0.150894728357246,-4.61,25.8281572713627
"2 Tm versus ln[Ct]",-51.48,"-52.24 to -50.73",-151.15,"-153.72 to -148.64",-4.6,"-4.63 to -4.56",25.76,"25.71 to 25.82","CAAAAAAG",-52.24,-50.73,-153.72,-148.64,-4.63,-4.56,25.71,25.82,-51.41,-0.150894728357246,-4.61,25.8281572713627
"3 Global fit",-51.24,"-52.41 to -50.63",-150.36,"-154.28 to -148.31",-4.61,"-4.64 to -4.56",25.8,"25.7 to 25.89","CAAAAAAG",-52.41,-50.63,-154.28,-148.31,-4.64,-4.56,25.7,25.89,-51.41,-0.150894728357246,-4.61,25.8281572713627
"1 individual fits",-72,"-72.28 to -71.7",-201.56,"-202.46 to -200.65",-9.48,"-9.5 to -9.47",54.32,"54.27 to 54.36","CAUGCAUG",-72.28,-71.7,-202.46,-200.65,-9.5,-9.47,54.27,54.36,-71.79,-0.200902788973078,-9.48,54.3507911044697
"2 Tm versus ln[Ct]",-70.86,"-71.42 to -70.47",-198.05,"-199.8 to -196.87",-9.43,"-9.45 to -9.41",54.35,"54.31 to 54.4","CAUGCAUG",-71.42,-70.47,-199.8,-196.87,-9.45,-9.41,54.31,54.4,-71.79,-0.200902788973078,-9.48,54.3507911044697
"3 Global fit",-72.29,"-72.94 to -71.7",-202.51,"-204.42 to -200.71",-9.49,"-9.54 to -9.45",54.25,"54.17 to 54.41","CAUGCAUG",-72.94,-71.7,-204.42,-200.71,-9.54,-9.45,54.17,54.41,-71.79,-0.200902788973078,-9.48,54.3507911044697
"1 individual fits",-77.12,"-77.35 to -76.93",-208.24,"-208.92 to -207.66",-12.53,"-12.55 to -12.52",63.18,"63.13 to 63.23","CGACGCAG",-77.35,-76.93,-208.92,-207.66,-12.55,-12.52,63.13,63.23,-77.31,-0.208608737707561,-12.61,63.4687218273399
"2 Tm versus ln[Ct]",-73.09,"-73.49 to -72.78",-196.11,"-197.31 to -195.18",-12.26,"-12.29 to -12.24",63.4,"63.35 to 63.44","CGACGCAG",-73.49,-72.78,-197.31,-195.18,-12.29,-12.24,63.35,63.44,-77.31,-0.208608737707561,-12.61,63.4687218273399
"3 Global fit",-76.24,"-77.15 to -74.84",-205.48,"-208.14 to -201.38",-12.51,"-12.58 to -12.38",63.38,"63.26 to 63.46","CGACGCAG",-77.15,-74.84,-208.14,-201.38,-12.58,-12.38,63.26,63.46,-77.31,-0.208608737707561,-12.61,63.4687218273399
"1 individual fits",-72.98,"-73.27 to -72.68",-197.2,"-198.04 to -196.3",-11.82,"-11.84 to -11.8",61.22,"61.16 to 61.29","CUCGCACA",-73.27,-72.68,-198.04,-196.3,-11.84,-11.8,61.16,61.29,-73.39,-0.19838787683379,-11.86,61.2838200808384
"2 Tm versus ln[Ct]",-72.07,"-72.6 to -71.74",-194.45,"-196.02 to -193.44",-11.77,"-11.8 to -11.74",61.29,"61.25 to 61.34","CUCGCACA",-72.6,-71.74,-196.02,-193.44,-11.8,-11.74,61.25,61.34,-73.39,-0.19838787683379,-11.86,61.2838200808384
"3 Global fit",-72.8,"-73.51 to -72.41",-196.71,"-198.79 to -195.57",-11.79,"-11.86 to -11.75",61.13,"61.02 to 61.26","CUCGCACA",-73.51,-72.41,-198.79,-195.57,-11.86,-11.75,61.02,61.26,-73.39,-0.19838787683379,-11.86,61.2838200808384
"1 individual fits",-68.28,"-68.53 to -68.01",-193.44,"-194.21 to -192.58",-8.29,"-8.3 to -8.28",49.33,"49.28 to 49.4","GAACGUUC",-68.53,-68.01,-194.21,-192.58,-8.3,-8.28,49.28,49.4,-68.35,-0.193680477188457,-8.28,49.2811117879664
"2 Tm versus ln[Ct]",-68.29,"-68.64 to -67.92",-193.47,"-194.56 to -192.31",-8.29,"-8.3 to -8.27",49.33,"49.3 to 49.37","GAACGUUC",-68.64,-67.92,-194.56,-192.31,-8.3,-8.27,49.3,49.37,-68.35,-0.193680477188457,-8.28,49.2811117879664
"3 Global fit",-67.65,"-68.46 to -67.19",-191.54,"-194.02 to -190.09",-8.25,"-8.28 to -8.23",49.25,"49.15 to 49.36","GAACGUUC",-68.46,-67.19,-194.02,-190.09,-8.28,-8.23,49.15,49.36,-68.35,-0.193680477188457,-8.28,49.2811117879664
"1 individual fits",-64.76,"-65.01 to -64.61",-190.84,"-191.65 to -190.32",-5.58,"-5.58 to -5.57",36.52,"36.47 to 36.57","GAUAUAUC",-65.01,-64.61,-191.65,-190.32,-5.58,-5.57,36.47,36.57,-64.79,-0.190907625342576,-5.58,36.5382169722579
"2 Tm versus ln[Ct]",-67.07,"-67.41 to -66.59",-198.36,"-199.45 to -196.81",-5.55,"-5.55 to -5.54",36.42,"36.38 to 36.45","GAUAUAUC",-67.41,-66.59,-199.45,-196.81,-5.55,-5.54,36.38,36.45,-64.79,-0.190907625342576,-5.58,36.5382169722579
"3 Global fit",-64.6,"-65.04 to -64.33",-190.35,"-191.76 to -189.48",-5.57,"-5.58 to -5.55",36.47,"36.4 to 36.55","GAUAUAUC",-65.04,-64.33,-191.76,-189.48,-5.58,-5.55,36.4,36.55,-64.79,-0.190907625342576,-5.58,36.5382169722579
"1 individual fits",-76.01,"-76.27 to -75.71",-214.47,"-215.27 to -213.53",-9.49,"-9.5 to -9.48",53.38,"53.33 to 53.43","GAUGCAUC",-76.27,-75.71,-215.27,-213.53,-9.5,-9.48,53.33,53.43,-75.79,-0.213799774302757,-9.48,53.3866789648222
"2 Tm versus ln[Ct]",-77.69,"-78.05 to -77.16",-219.67,"-220.78 to -218.02",-9.56,"-9.58 to -9.54",53.32,"53.28 to 53.37","GAUGCAUC",-78.05,-77.16,-220.78,-218.02,-9.58,-9.54,53.28,53.37,-75.79,-0.213799774302757,-9.48,53.3866789648222
"3 Global fit",-75.29,"-76.35 to -74.23",-212.39,"-215.59 to -209.2",-9.42,"-9.49 to -9.35",53.24,"53.08 to 53.39","GAUGCAUC",-76.35,-74.23,-215.59,-209.2,-9.49,-9.35,53.08,53.39,-75.79,-0.213799774302757,-9.48,53.3866789648222
"1 individual fits",-68.02,"-68.4 to -67.65",-186.31,"-187.47 to -185.18",-10.24,"-10.25 to -10.22",54.87,"54.82 to 54.92","GGCUUCAA",-68.4,-67.65,-187.47,-185.18,-10.25,-10.22,54.82,54.92,-67.94,-0.185974528453974,-10.26,55.0115748649297
"2 Tm versus ln[Ct]",-68.24,"-68.67 to -67.32",-186.99,"-188.31 to -184.16",-10.24,"-10.27 to -10.2",54.85,"54.81 to 54.89","GGCUUCAA",-68.67,-67.32,-188.31,-184.16,-10.27,-10.2,54.81,54.89,-67.94,-0.185974528453974,-10.26,55.0115748649297
"3 Global fit",-68.32,"-68.57 to -67.96",-187.22,"-188.01 to -186.1",-10.25,"-10.27 to -10.22",54.87,"54.79 to 54.97","GGCUUCAA",-68.57,-67.96,-188.01,-186.1,-10.27,-10.22,54.79,54.97,-67.94,-0.185974528453974,-10.26,55.0115748649297
"1 individual fits",-60.52,"-60.78 to -60.2",-175.95,"-176.78 to -174.92",-5.95,"-5.96 to -5.95",38.41,"38.35 to 38.46","GUAUAUAC",-60.78,-60.2,-176.78,-174.92,-5.96,-5.95,38.35,38.46,-61.02,-0.177462518136386,-5.98,38.5497648030712
"2 Tm versus ln[Ct]",-59.62,"-60.03 to -59.31",-173.04,"-174.34 to -172",-5.96,"-5.96 to -5.95",38.46,"38.42 to 38.51","GUAUAUAC",-60.03,-59.31,-174.34,-172,-5.96,-5.95,38.42,38.51,-61.02,-0.177462518136386,-5.98,38.5497648030712
"3 Global fit",-60.24,"-60.8 to -59.67",-175.04,"-176.83 to -173.28",-5.95,"-5.98 to -5.92",38.42,"38.26 to 38.57","GUAUAUAC",-60.8,-59.67,-176.83,-173.28,-5.98,-5.92,38.26,38.57,-61.02,-0.177462518136386,-5.98,38.5497648030712
"1 individual fits",-73.17,"-73.7 to -72.63",-204.76,"-206.4 to -203.2",-9.66,"-9.72 to -9.61",54.87,"54.74 to 55.13","GUCUAGAC",-73.7,-72.63,-206.4,-203.2,-9.72,-9.61,54.74,55.13,-72.72,-0.203578913428986,-9.58,54.5922131016759
"2 Tm versus ln[Ct]",-73.44,"-73.94 to -73.08",-205.61,"-207 to -204.59",-9.67,"-9.73 to -9.63",54.84,"54.71 to 55.07","GUCUAGAC",-73.94,-73.08,-207,-204.59,-9.73,-9.63,54.71,55.07,-72.72,-0.203578913428986,-9.58,54.5922131016759
"3 Global fit",-72.99,"-73.47 to -72.43",-204.44,"-205.88 to -202.81",-9.58,"-9.62 to -9.54",54.52,"54.44 to 54.6","GUCUAGAC",-73.47,-72.43,-205.88,-202.81,-9.62,-9.54,54.44,54.6,-72.72,-0.203578913428986,-9.58,54.5922131016759
"1 individual fits",-68.23,"-68.5 to -67.99",-193.44,"-194.28 to -192.67",-8.23,"-8.25 to -8.22",49.08,"49.02 to 49.13","GUUCGAAC",-68.5,-67.99,-194.28,-192.67,-8.25,-8.22,49.02,49.13,-68.35,-0.193680477188457,-8.28,49.2811117879664
"2 Tm versus ln[Ct]",-68.33,"-68.65 to -67.92",-193.76,"-194.75 to -192.46",-8.24,"-8.25 to -8.23",49.08,"49.04 to 49.12","GUUCGAAC",-68.65,-67.92,-194.75,-192.46,-8.25,-8.23,49.04,49.12,-68.35,-0.193680477188457,-8.28,49.2811117879664
"3 Global fit",-68.3,"-69.32 to -67.43",-193.6,"-196.85 to -190.93",-8.25,"-8.29 to -8.22",49.16,"48.99 to 49.3","GUUCGAAC",-69.32,-67.43,-196.85,-190.93,-8.29,-8.22,48.99,49.3,-68.35,-0.193680477188457,-8.28,49.2811117879664
"1 individual fits",-59.64,"-59.98 to -59.33",-170.82,"-171.89 to -169.84",-6.66,"-6.67 to -6.65",42.18,"42.14 to 42.24","UAGAUCUA",-59.98,-59.33,-171.89,-169.84,-6.67,-6.65,42.14,42.24,-59.55,-0.170465903595035,-6.68,42.3154480818629
"2 Tm versus ln[Ct]",-57.58,"-57.99 to -57.21",-164.23,"-165.54 to -163.08",-6.64,"-6.65 to -6.63",42.29,"42.23 to 42.33","UAGAUCUA",-57.99,-57.21,-165.54,-163.08,-6.65,-6.63,42.23,42.33,-59.55,-0.170465903595035,-6.68,42.3154480818629
"3 Global fit",-58.88,"-59.48 to -58.41",-168.37,"-170.35 to -166.84",-6.66,"-6.68 to -6.64",42.28,"42.14 to 42.43","UAGAUCUA",-59.48,-58.41,-170.35,-166.84,-6.68,-6.64,42.14,42.43,-59.55,-0.170465903595035,-6.68,42.3154480818629
"1 individual fits",-58.84,"-59.1 to -58.56",-167.15,"-167.97 to -166.24",-7,"-7.01 to -6.99",44.15,"44.1 to 44.19","UAUGCAUA",-59.1,-58.56,-167.97,-166.24,-7.01,-6.99,44.1,44.19,-58.85,-0.167241657262615,-6.98,44.0246790581523
"2 Tm versus ln[Ct]",-59.97,"-60.39 to -59.5",-170.74,"-172.06 to -169.28",-7.01,"-7.02 to -7",44.07,"44.03 to 44.11","UAUGCAUA",-60.39,-59.5,-172.06,-169.28,-7.02,-7,44.03,44.11,-58.85,-0.167241657262615,-6.98,44.0246790581523
"3 Global fit",-59.36,"-59.75 to -58.85",-168.87,"-170.09 to -167.23",-6.98,"-7 to -6.97",43.99,"43.9 to 44.1","UAUGCAUA",-59.75,-58.85,-170.09,-167.23,-7,-6.97,43.9,44.1,-58.85,-0.167241657262615,-6.98,44.0246790581523
"1 individual fits",-67.76,"-68.11 to -67.52",-183,"-184.07 to -182.27",-11,"-11.02 to -10.99",58.92,"58.85 to 58.99","UCCUUGCA",-68.11,-67.52,-184.07,-182.27,-11.02,-10.99,58.85,58.99,-67.84,-0.183233919071417,-11.01,58.9244272798138
"2 Tm versus ln[Ct]",-68.43,"-68.81 to -67.94",-185.05,"-186.2 to -183.55",-11.04,"-11.06 to -11.01",58.87,"58.82 to 58.91","UCCUUGCA",-68.81,-67.94,-186.2,-183.55,-11.06,-11.01,58.82,58.91,-67.84,-0.183233919071417,-11.01,58.9244272798138
"3 Global fit",-68.27,"-68.67 to -67.84",-184.58,"-185.75 to -183.3",-11.02,"-11.06 to -10.99",58.85,"58.79 to 58.93","UCCUUGCA",-68.67,-67.84,-185.75,-183.3,-11.06,-10.99,58.79,58.93,-67.84,-0.183233919071417,-11.01,58.9244272798138
"1 individual fits",-59.65,"-59.93 to -59.36",-170.65,"-171.54 to -169.73",-6.73,"-6.74 to -6.72",42.55,"42.48 to 42.62","UCUAUAGA",-59.93,-59.36,-171.54,-169.73,-6.74,-6.72,42.48,42.62,-59.55,-0.170465903595035,-6.68,42.3154480818629
"2 Tm versus ln[Ct]",-61.04,"-61.41 to -60.53",-175.08,"-176.26 to -173.43",-6.74,"-6.75 to -6.73",42.49,"42.43 to 42.55","UCUAUAGA",-61.41,-60.53,-176.26,-173.43,-6.75,-6.73,42.43,42.55,-59.55,-0.170465903595035,-6.68,42.3154480818629
"3 Global fit",-59.77,"-60.1 to -59.5",-171.12,"-172.15 to -170.26",-6.69,"-6.72 to -6.68",42.36,"42.3 to 42.46","UCUAUAGA",-60.1,-59.5,-172.15,-170.26,-6.72,-6.68,42.3,42.46,-59.55,-0.170465903595035,-6.68,42.3154480818629
"1 individual fits",-69.85,"-70.19 to -69.53",-189.82,"-190.83 to -188.85",-10.98,"-11 to -10.96",58.1,"58.05 to 58.14","UGACCUCA",-70.19,-69.53,-190.83,-188.85,-11,-10.96,58.05,58.14,-69.98,-0.190133806222795,-11.01,58.2081289536393
"2 Tm versus ln[Ct]",-63.94,"-64.32 to -63.57",-171.72,"-172.88 to -170.6",-10.68,"-10.7 to -10.66",58.51,"58.46 to 58.56","UGACCUCA",-64.32,-63.57,-172.88,-170.6,-10.7,-10.66,58.46,58.56,-69.98,-0.190133806222795,-11.01,58.2081289536393
"3 Global fit",-68.9,"-69.39 to -68.15",-186.98,"-188.42 to -184.73",-10.91,"-10.94 to -10.86",58.05,"57.96 to 58.14","UGACCUCA",-69.39,-68.15,-188.42,-184.73,-10.94,-10.86,57.96,58.14,-69.98,-0.190133806222795,-11.01,58.2081289536393
"1 individual fits",-64.81,"-65.12 to -64.48",-178.06,"-178.99 to -177.03",-9.59,"-9.61 to -9.57",56.91,"56.83 to 56.98","UUCCGGAA",-65.12,-64.48,-178.99,-177.03,-9.61,-9.57,56.83,56.98,-64.89,-0.178333064646139,-9.58,56.8508569088418
"2 Tm versus ln[Ct]",-62.28,"-62.91 to -61.82",-170.33,"-172.25 to -168.92",-9.45,"-9.49 to -9.43",57.01,"56.97 to 57.06","UUCCGGAA",-62.91,-61.82,-172.25,-168.92,-9.49,-9.43,56.97,57.06,-64.89,-0.178333064646139,-9.58,56.8508569088418
"3 Global fit",-64.23,"-64.74 to -63.69",-176.4,"-177.98 to -174.76",-9.52,"-9.55 to -9.49",56.75,"56.64 to 56.85","UUCCGGAA",-64.74,-63.69,-177.98,-174.76,-9.55,-9.49,56.64,56.85,-64.89,-0.178333064646139,-9.58,56.8508569088418
"1 individual fits",-63.6,"-64.07 to -63.27",-173.51,"-174.94 to -172.51",-9.78,"-9.81 to -9.76",58.41,"58.35 to 58.46","UUGCGCAA",-64.07,-63.27,-174.94,-172.51,-9.81,-9.76,58.35,58.46,-63.87,-0.174399484120587,-9.78,58.2939376807145
"2 Tm versus ln[Ct]",-67.05,"-67.33 to -66.82",-184,"-184.86 to -183.31",-9.98,"-9.99 to -9.97",58.27,"58.22 to 58.32","UUGCGCAA",-67.33,-66.82,-184.86,-183.31,-9.99,-9.97,58.22,58.32,-63.87,-0.174399484120587,-9.78,58.2939376807145
"3 Global fit",-63.73,"-64.01 to -63.19",-174.04,"-174.9 to -172.37",-9.76,"-9.78 to -9.73",58.21,"58.15 to 58.29","UUGCGCAA",-64.01,-63.19,-174.9,-172.37,-9.78,-9.73,58.15,58.29,-63.87,-0.174399484120587,-9.78,58.2939376807145
"1 individual fits",-65.03,"-65.43 to -64.77",-175.6,"-176.77 to -174.82",-10.57,"-10.6 to -10.55",62.24,"62.19 to 62.3","UUGGCCAA",-65.43,-64.77,-176.77,-174.82,-10.6,-10.55,62.19,62.3,-65.13,-0.1758826374335,-10.58,62.2510720667597
"2 Tm versus ln[Ct]",-66.92,"-67.32 to -66.37",-181.26,"-182.46 to -179.64",-10.7,"-10.73 to -10.66",62.17,"62.14 to 62.22","UUGGCCAA",-67.32,-66.37,-182.46,-179.64,-10.73,-10.66,62.14,62.22,-65.13,-0.1758826374335,-10.58,62.2510720667597
"3 Global fit",-64.99,"-65.41 to -64.61",-175.46,"-176.7 to -174.37",-10.57,"-10.61 to -10.53",62.23,"62.15 to 62.32","UUGGCCAA",-65.41,-64.61,-176.7,-174.37,-10.61,-10.53,62.15,62.32,-65.13,-0.1758826374335,-10.58,62.2510720667597
"1 individual fits",-54.17,"-54.4 to -53.98",-154.41,"-155.16 to -153.8",-6.28,"-6.28 to -6.27",40.47,"40.41 to 40.53","UUGUACAA",-54.4,-53.98,-155.16,-153.8,-6.28,-6.27,40.41,40.53,-53.96,-0.153732065129776,-6.28,40.5073717294919
"2 Tm versus ln[Ct]",-57.23,"-57.66 to -56.59",-164.28,"-165.64 to -162.21",-6.28,"-6.29 to -6.27",40.32,"40.27 to 40.36","UUGUACAA",-57.66,-56.59,-165.64,-162.21,-6.29,-6.27,40.27,40.36,-53.96,-0.153732065129776,-6.28,40.5073717294919
"3 Global fit",-54.08,"-54.56 to -53.68",-154.18,"-155.75 to -152.89",-6.26,"-6.27 to -6.25",40.38,"40.3 to 40.48","UUGUACAA",-54.56,-53.68,-155.75,-152.89,-6.27,-6.25,40.3,40.48,-53.96,-0.153732065129776,-6.28,40.5073717294919
"1 individual fits",-58.49,"-58.65 to -58.37",-171.04,"-171.56 to -170.64",-5.44,"-5.45 to -5.44",31.33,"31.29 to 31.39","CAAAAAAAG",-58.65,-58.37,-171.56,-170.64,-5.45,-5.44,31.29,31.39,-58.23,-0.169982266645172,-5.51,31.6554372299913
"2 Tm versus ln[Ct]",-58.48,"-58.63 to -58.35",-170.99,"-171.5 to -170.57",-5.44,"-5.45 to -5.44",31.34,"31.3 to 31.38","CAAAAAAAG",-58.63,-58.35,-171.5,-170.57,-5.45,-5.44,31.3,31.38,-58.23,-0.169982266645172,-5.51,31.6554372299913
"3 Global fit",-58.3,"-59.32 to -57.73",-170.4,"-173.83 to -168.47",-5.45,"-5.48 to -5.41",31.37,"31.22 to 31.5","CAAAAAAAG",-59.32,-57.73,-173.83,-168.47,-5.48,-5.41,31.22,31.5,-58.23,-0.169982266645172,-5.51,31.6554372299913
"1 individual fits",-80.98,"-81.36 to -80.58",-219.84,"-220.96 to -218.67",-12.8,"-12.82 to -12.77",63.03,"62.99 to 63.07","AAGGUUGGAA",-81.36,-80.58,-220.96,-218.67,-12.82,-12.77,62.99,63.07,-80.95,-0.219700145091085,-12.81,63.0800516143636
"2 Tm versus ln[Ct]",-77.66,"-78.03 to -77.38",-209.82,"-210.91 to -208.97",-12.59,"-12.61 to -12.57",63.24,"63.2 to 63.27","AAGGUUGGAA",-78.03,-77.38,-210.91,-208.97,-12.61,-12.57,63.2,63.27,-80.95,-0.219700145091085,-12.81,63.0800516143636
"3 Global fit",-80.7,"-81.5 to -79.66",-219.04,"-221.4 to -216.02",-12.76,"-12.83 to -12.67",62.95,"62.84 to 63.07","AAGGUUGGAA",-81.5,-79.66,-221.4,-216.02,-12.83,-12.67,62.84,63.07,-80.95,-0.219700145091085,-12.81,63.0800516143636
