"seqF","seqR","dG","dH","dS","Tm.at.0.1mM"
"CCGG","CCGG",-4.48,-33.81,-0.0945671449298727,26.3983297134951
"CGCG","CGCG",-3.68,-32.55,-0.0930839916169596,19.0749839593809
"GCGC","GCGC",-4.68,-36.79,-0.103530549734,28.8198923738266
"GGCC","GGCC",-5.48,-38.05,-0.105013703046913,35.4056486200601
"ACGCA","UGCGU",-5.11,-36.31,-0.100596485571498,25.3191399122329
"AGCGA","UCGCU",-5.01,-37.39,-0.104401096243753,24.8762940808838
"CACAG","CUGUG",-4.41,-39.15,-0.112010317588264,21.0605891147358
"GCACG","CGUGC",-6.01,-43.75,-0.121683056585523,33.3498513565685
"GCUCG","CGAGC",-5.91,-44.83,-0.125487667257779,32.7622337009099
"ACCGGU","ACCGGU",-7.98,-49.17,-0.132806706432371,52.2431863031713
"AGCGCU","AGCGCU",-7.98,-50.31,-0.13648234725133,51.8812104741887
"AGGCCU","AGGCCU",-8.78,-51.57,-0.137965500564243,56.8593726375104
"CACGUG","CACGUG",-6.48,-50.71,-0.142608415282928,41.9927547826918
"CAGCUG","CAGCUG",-7.28,-53.11,-0.147767209414799,46.6549057802991
"CCAUGG","CCAUGG",-7.38,-53.43,-0.148476543607932,47.2134368889456
"CCGCGG","CCGCGG",-10.28,-59.33,-0.158149282605191,63.0886152019798
"CCUAGG","CCUAGG",-7.58,-51.82,-0.142640657746252,48.8264534992903
"CGCGCG","CGCGCG",-9.48,-58.07,-0.156666129292278,58.7375190528426
"CGGCCG","CGGCCG",-10.28,-59.33,-0.158149282605191,63.0886152019798
"CUGCAG","CUGCAG",-7.28,-53.11,-0.147767209414799,46.6549057802991
"GACGUC","GACGUC",-6.48,-54.71,-0.155505400612607,41.622280378939
"GAGAGA","UCUCUC",-5.96,-50.95,-0.145058842495567,33.5625039138828
"GAGCUC","GAGCUC",-7.28,-57.11,-0.160664194744478,45.9591395779022
"GAGGAG","CUCCUC",-7.61,-55.62,-0.154796066419474,43.1356415793045
"GCAACG","CGUUGC",-6.91,-50.57,-0.140770594873448,39.34183660832
"GCAUCG","CGAUGC",-7.01,-54.17,-0.152055457036918,39.7668344917548
"GCAUGC","GCAUGC",-7.58,-56.41,-0.157439948412059,47.8305482000484
"GCCGCG","CGCGGC",-10.81,-60.82,-0.161244559084314,60.4718805575329
"GCCGGC","GCCGGC",-11.28,-63.57,-0.168595840722231,66.9809057370459
"GCGCCG","CGGCGC",-10.81,-60.82,-0.161244559084314,60.4718805575329
"GCGCGC","GCGCGC",-10.48,-62.31,-0.167112687409318,62.9060909618156
"GCGCGG","CCGCGC",-10.81,-60.82,-0.161244559084314,60.4718805575329
"GCGGCG","CGCCGC",-10.81,-60.82,-0.161244559084314,60.4718805575329
"GCGUCG","CGACGC",-8.41,-56.39,-0.154699339029502,47.6907580986618
"GCUACG","CGUAGC",-7.31,-51.48,-0.142414960502982,41.7651734930737
"GCUAGC","GCUAGC",-7.78,-54.8,-0.151604062550379,49.3796666826905
"GGAUCC","GGAUCC",-7.38,-57.43,-0.161373528937611,46.4803266622694
"GGCGCC","GGCGCC",-11.28,-63.57,-0.168595840722231,66.9809057370459
"GGCGCG","CGCGCC",-10.81,-60.82,-0.161244559084314,60.4718805575329
"GGUACC","GGUACC",-7.78,-53.66,-0.14792842173142,49.6534011285357
"GUCGAC","GUCGAC",-6.48,-54.71,-0.155505400612607,41.622280378939
"GUGCAC","GUGCAC",-7.48,-54.95,-0.153054973399968,47.5241231147303
"GUGGUG","CACCAC",-7.81,-53.46,-0.147186845074964,44.6018855735336
"GUGUCG","CGACAC",-6.91,-52.71,-0.147670482024827,39.2460706574831
"UCAUGA","UCAUGA",-4.08,-44.09,-0.129002095760116,26.1611888666864
"UCCGGA","UCCGGA",-7.78,-51.25,-0.140157988070289,50.2738853660553
"UCGCGA","UCGCGA",-6.98,-49.99,-0.138674834757375,45.303031703521
"UCUAGA","UCUAGA",-4.28,-42.48,-0.123166209898436,27.1278030154173
"UGAUCA","UGAUCA",-4.08,-44.09,-0.129002095760116,26.1611888666864
"UGCGCA","UGCGCA",-7.98,-50.23,-0.136224407544736,51.90605047106
"AAGGAGG","CCUCCUU",-9.26,-59.67,-0.162534257617282,51.8643562896939
"ACUGUCA","UGACAGU",-7.81,-55.55,-0.153925519909721,44.3091337611823
"AGUCUGA","UCAGACU",-7.71,-56.63,-0.157730130581976,43.5942727098451
"GACUCAG","CUGAGUC",-8.61,-64.07,-0.178816701596002,47.4014118480504
"GAGUGAG","CUCACUC",-8.61,-64.07,-0.178816701596002,47.4014118480504
"GUCACUG","CAGUGAC",-8.71,-62.99,-0.175012090923747,48.1132674066587
"AACUAGUU","AACUAGUU",-6.28,-54.04,-0.15399000483637,40.5021208398992
"AAUGCAUU","AAUGCAUU",-6.18,-57.11,-0.16421086571014,39.7580960131577
"ACCUUUGC","GCAAAGGU",-10.36,-66.9,-0.182298887635015,55.8288787784846
"ACUAUAGU","ACUAUAGU",-6.88,-57.47,-0.163114621957118,43.6332673332113
"ACUUAAGU","ACUUAAGU",-6.28,-54.04,-0.15399000483637,40.5021208398992
"AGAGAGAG","CUCUCUCU",-10.16,-71.91,-0.199097211026922,53.483740300224
"AGAUAUCU","AGAUAUCU",-6.48,-61.24,-0.176559729163308,41.1228564210892
"AGUUAACU","AGUUAACU",-6.28,-54.04,-0.153990004836369,40.5021208398993
"AUACGUAU","AUACGUAU",-6.18,-56.53,-0.162340802837337,39.7866484401708
"AUCUAGAU","AUCUAGAU",-6.48,-61.24,-0.176559729163308,41.1228564210892
"AUGCGCAU","AUGCGCAU",-10.18,-68.99,-0.189617926809608,58.6591703113861
"AUGUACAU","AUGUACAU",-6.68,-59.08,-0.168950507818797,42.3584647215444
"CAAAAAAG","CUUUUUUG",-4.61,-51.41,-0.150894728357246,25.8281572713627
"CAUGCAUG","CAUGCAUG",-9.48,-71.79,-0.200902788973078,54.3507911044697
"CGACGCAG","CUGCGUCG",-12.61,-77.31,-0.208608737707561,63.4687218273399
"CUCGCACA","UGUGCGAG",-11.86,-73.39,-0.19838787683379,61.2838200808384
"GAACGUUC","GAACGUUC",-8.28,-68.35,-0.193680477188457,49.2811117879664
"GAUAUAUC","GAUAUAUC",-5.58,-64.79,-0.190907625342576,36.5382169722579
"GAUGCAUC","GAUGCAUC",-9.48,-75.79,-0.213799774302757,53.3866789648222
"GGCUUCAA","UUGAAGCC",-10.26,-67.94,-0.185974528453974,55.0115748649297
"GUAUAUAC","GUAUAUAC",-5.98,-61.02,-0.177462518136386,38.5497648030712
"GUCUAGAC","GUCUAGAC",-9.58,-72.72,-0.203578913428986,54.5922131016759
"GUUCGAAC","GUUCGAAC",-8.28,-68.35,-0.193680477188457,49.2811117879664
"UAGAUCUA","UAGAUCUA",-6.68,-59.55,-0.170465903595035,42.3154480818629
"UAUGCAUA","UAUGCAUA",-6.98,-58.85,-0.167241657262615,44.0246790581523
"UCCUUGCA","UGCAAGGA",-11.01,-67.84,-0.183233919071417,58.9244272798138
"UCUAUAGA","UCUAUAGA",-6.68,-59.55,-0.170465903595035,42.3154480818629
"UGACCUCA","UGAGGUCA",-11.01,-69.98,-0.190133806222795,58.2081289536393
"UUCCGGAA","UUCCGGAA",-9.58,-64.89,-0.178333064646139,56.8508569088418
"UUGCGCAA","UUGCGCAA",-9.78,-63.87,-0.174399484120587,58.2939376807145
"UUGGCCAA","UUGGCCAA",-10.58,-65.13,-0.1758826374335,62.2510720667597
"UUGUACAA","UUGUACAA",-6.28,-53.96,-0.153732065129776,40.5073717294919
"CAAAAAAAG","CUUUUUUUG",-5.51,-58.23,-0.169982266645172,31.6554372299913
"AAGGUUGGAA","UUCCAACCUU",-12.81,-80.95,-0.219700145091085,63.0800516143636
