"Method","dH","CI95.dH","dS","CI95.dS","dG","CI95.dG","Tm_at_0.1mM","CI95.Tm_at_0.1mM","Helix","Hmin","Hmax","Smin","Smax","Gmin","Gmax","Tmin","Tmax","Known.H","Known.S","Known.G","known.Tm"
"1 individual fits",-33.74,"-33.95 to -33.52",-94.38,"-95.07 to -93.67",-4.46,"-4.47 to -4.46",26.23,"26.17 to 26.3","CCGG",-33.95,-33.52,-95.07,-93.67,-4.47,-4.46,26.17,26.3,-33.81,-0.0945671449298727,-4.48,26.3983297134951
"2 Tm versus ln[Ct]",-32.25,"-32.46 to -31.96",-89.46,"-90.15 to -88.5",-4.5,"-4.51 to -4.5",26.12,"26.03 to 26.19","CCGG",-32.46,-31.96,-90.15,-88.5,-4.51,-4.5,26.03,26.19,-33.81,-0.0945671449298727,-4.48,26.3983297134951
"3 Global fit",-33.49,"-33.87 to -33.17",-93.49,"-94.77 to -92.44",-4.49,"-4.51 to -4.47",26.42,"26.32 to 26.52","CCGG",-33.87,-33.17,-94.77,-92.44,-4.51,-4.47,26.32,26.52,-33.81,-0.0945671449298727,-4.48,26.3983297134951
"1 individual fits",-32.11,"-32.68 to -31.71",-91.61,"-93.5 to -90.28",-3.7,"-3.71 to -3.68",19.01,"18.87 to 19.17","CGCG",-32.68,-31.71,-93.5,-90.28,-3.71,-3.68,18.87,19.17,-32.55,-0.0930839916169596,-3.68,19.0749839593809
"2 Tm versus ln[Ct]",-31.2,"-31.76 to -30.76",-88.55,"-90.37 to -87.11",-3.74,"-3.75 to -3.72",18.87,"18.71 to 19.08","CGCG",-31.76,-30.76,-90.37,-87.11,-3.75,-3.72,18.71,19.08,-32.55,-0.0930839916169596,-3.68,19.0749839593809
"3 Global fit",-32.39,"-32.71 to -31.83",-92.53,"-93.6 to -90.66",-3.69,"-3.71 to -3.68",19.08,"18.95 to 19.2","CGCG",-32.71,-31.83,-93.6,-90.66,-3.71,-3.68,18.95,19.2,-32.55,-0.0930839916169596,-3.68,19.0749839593809
"1 individual fits",-36.83,"-36.99 to -36.7",-103.57,"-104.1 to -103.16",-4.71,"-4.71 to -4.7",29.04,"28.99 to 29.09","GCGC",-36.99,-36.7,-104.1,-103.16,-4.71,-4.7,28.99,29.09,-36.79,-0.103530549734,-4.68,28.8198923738266
"2 Tm versus ln[Ct]",-37.09,"-37.21 to -37",-104.41,"-104.8 to -104.12",-4.71,"-4.71 to -4.7",29.08,"29.03 to 29.13","GCGC",-37.21,-37,-104.8,-104.12,-4.71,-4.7,29.03,29.13,-36.79,-0.103530549734,-4.68,28.8198923738266
"3 Global fit",-36.98,"-37.2 to -36.6",-104.2,"-104.93 to -102.92",-4.67,"-4.69 to -4.65",28.75,"28.63 to 28.9","GCGC",-37.2,-36.6,-104.93,-102.92,-4.69,-4.65,28.63,28.9,-36.79,-0.103530549734,-4.68,28.8198923738266
"1 individual fits",-38.26,"-38.45 to -38.08",-105.61,"-106.22 to -105.03",-5.5,"-5.51 to -5.5",35.6,"35.53 to 35.66","GGCC",-38.45,-38.08,-106.22,-105.03,-5.51,-5.5,35.53,35.66,-38.05,-0.105013703046913,-5.48,35.4056486200601
"2 Tm versus ln[Ct]",-39.56,"-39.74 to -39.37",-109.8,"-110.38 to -109.18",-5.51,"-5.51 to -5.51",35.69,"35.64 to 35.75","GGCC",-39.74,-39.37,-110.38,-109.18,-5.51,-5.51,35.64,35.75,-38.05,-0.105013703046913,-5.48,35.4056486200601
"3 Global fit",-37.81,"-38.02 to -37.67",-104.26,"-104.98 to -103.84",-5.47,"-5.49 to -5.46",35.32,"35.19 to 35.47","GGCC",-38.02,-37.67,-104.98,-103.84,-5.49,-5.46,35.19,35.47,-38.05,-0.105013703046913,-5.48,35.4056486200601
"1 individual fits",-36.02,"-36.45 to -35.75",-99.6,"-101.05 to -98.71",-5.13,"-5.14 to -5.11",25.36,"25.29 to 25.42","ACGCA",-36.45,-35.75,-101.05,-98.71,-5.14,-5.11,25.29,25.42,-36.31,-0.100596485571498,-5.11,25.3191399122329
"2 Tm versus ln[Ct]",-36.04,"-36.38 to -35.65",-99.69,"-100.85 to -98.4",-5.12,"-5.13 to -5.1",25.28,"25.21 to 25.34","ACGCA",-36.38,-35.65,-100.85,-98.4,-5.13,-5.1,25.21,25.34,-36.31,-0.100596485571498,-5.11,25.3191399122329
"3 Global fit",-36.43,"-36.94 to -35.53",-101.03,"-102.68 to -98",-5.1,"-5.14 to -5.08",25.25,"25.14 to 25.38","ACGCA",-36.94,-35.53,-102.68,-98,-5.14,-5.08,25.14,25.38,-36.31,-0.100596485571498,-5.11,25.3191399122329
"1 individual fits",-37.07,"-37.34 to -36.83",-103.15,"-104.05 to -102.38",-5.08,"-5.09 to -5.06",25.29,"25.2 to 25.39","AGCGA",-37.34,-36.83,-104.05,-102.38,-5.09,-5.06,25.2,25.39,-37.39,-0.104401096243753,-5.01,24.8762940808838
"2 Tm versus ln[Ct]",-37.73,"-38.42 to -37.12",-105.44,"-107.77 to -103.39",-5.03,"-5.05 to -5",25.11,"25.04 to 25.18","AGCGA",-38.42,-37.12,-107.77,-103.39,-5.05,-5,25.04,25.18,-37.39,-0.104401096243753,-5.01,24.8762940808838
"3 Global fit",-37.23,"-37.54 to -36.94",-103.89,"-104.96 to -102.93",-5,"-5.02 to -4.99",24.78,"24.72 to 24.87","AGCGA",-37.54,-36.94,-104.96,-102.93,-5.02,-4.99,24.72,24.87,-37.39,-0.104401096243753,-5.01,24.8762940808838
"1 individual fits",-39.4,"-39.8 to -39.1",-112.74,"-114 to -111.76",-4.43,"-4.45 to -4.42",21.31,"21.22 to 21.54","CACAG",-39.8,-39.1,-114,-111.76,-4.45,-4.42,21.22,21.54,-39.15,-0.112010317588264,-4.41,21.0605891147358
"2 Tm versus ln[Ct]",-45.06,"-49.29 to -43.65",-132.23,"-146.63 to -127.43",-4.05,"-4.13 to -3.82",20.83,"20.78 to 20.89","CACAG",-49.29,-43.65,-146.63,-127.43,-4.13,-3.82,20.78,20.89,-39.15,-0.112010317588264,-4.41,21.0605891147358
"3 Global fit",-39.35,"-39.8 to -38.81",-112.68,"-114.21 to -110.88",-4.4,"-4.43 to -4.38",21.05,"20.98 to 21.12","CACAG",-39.8,-38.81,-114.21,-110.88,-4.43,-4.38,20.98,21.12,-39.15,-0.112010317588264,-4.41,21.0605891147358
"1 individual fits",-43.56,"-43.78 to -43.41",-120.96,"-121.68 to -120.47",-6.05,"-6.05 to -6.04",33.59,"33.54 to 33.64","GCACG",-43.78,-43.41,-121.68,-120.47,-6.05,-6.04,33.54,33.64,-43.75,-0.121683056585523,-6.01,33.3498513565685
"2 Tm versus ln[Ct]",-45.23,"-45.37 to -44.99",-126.47,"-126.93 to -125.67",-6.01,"-6.01 to -6",33.44,"33.4 to 33.49","GCACG",-45.37,-44.99,-126.93,-125.67,-6.01,-6,33.4,33.49,-43.75,-0.121683056585523,-6.01,33.3498513565685
"3 Global fit",-44.05,"-44.37 to -43.43",-122.67,"-123.75 to -120.57",-6,"-6.03 to -5.98",33.3,"33.16 to 33.47","GCACG",-44.37,-43.43,-123.75,-120.57,-6.03,-5.98,33.16,33.47,-43.75,-0.121683056585523,-6.01,33.3498513565685
"1 individual fits",-44.82,"-45.03 to -44.44",-125.5,"-126.19 to -124.27",-5.9,"-5.91 to -5.89",32.67,"32.61 to 32.73","GCUCG",-45.03,-44.44,-126.19,-124.27,-5.91,-5.89,32.61,32.73,-44.83,-0.125487667257779,-5.91,32.7622337009099
"2 Tm versus ln[Ct]",-44.4,"-44.73 to -43.65",-124.11,"-125.18 to -121.69",-5.91,"-5.92 to -5.9",32.7,"32.63 to 32.75","GCUCG",-44.73,-43.65,-125.18,-121.69,-5.92,-5.9,32.63,32.75,-44.83,-0.125487667257779,-5.91,32.7622337009099
"3 Global fit",-44.44,"-44.65 to -44.29",-124.25,"-124.97 to -123.77",-5.91,"-5.92 to -5.89",32.7,"32.6 to 32.78","GCUCG",-44.65,-44.29,-124.97,-123.77,-5.92,-5.89,32.6,32.78,-44.83,-0.125487667257779,-5.91,32.7622337009099
"1 individual fits",-49.1,"-49.28 to -48.84",-132.63,"-133.19 to -131.84",-7.96,"-7.97 to -7.95",52.15,"52.09 to 52.2","ACCGGU",-49.28,-48.84,-133.19,-131.84,-7.97,-7.95,52.09,52.2,-49.17,-0.132806706432371,-7.98,52.2431863031713
"2 Tm versus ln[Ct]",-47.99,"-48.21 to -47.8",-129.2,"-129.88 to -128.64",-7.91,"-7.92 to -7.91",52.16,"52.1 to 52.21","ACCGGU",-48.21,-47.8,-129.88,-128.64,-7.92,-7.91,52.1,52.21,-49.17,-0.132806706432371,-7.98,52.2431863031713
"3 Global fit",-49.01,"-49.52 to -48.39",-132.31,"-133.85 to -130.49",-7.98,"-8.02 to -7.92",52.27,"52.05 to 52.46","ACCGGU",-49.52,-48.39,-133.85,-130.49,-8.02,-7.92,52.05,52.46,-49.17,-0.132806706432371,-7.98,52.2431863031713
"1 individual fits",-50.37,"-50.49 to -50.24",-136.79,"-137.16 to -136.38",-7.95,"-7.95 to -7.94",51.64,"51.59 to 51.69","AGCGCU",-50.49,-50.24,-137.16,-136.38,-7.95,-7.94,51.59,51.69,-50.31,-0.13648234725133,-7.98,51.8812104741887
"2 Tm versus ln[Ct]",-50.48,"-50.6 to -50.33",-137.14,"-137.5 to -136.67",-7.95,"-7.96 to -7.94",51.63,"51.59 to 51.67","AGCGCU",-50.6,-50.33,-137.5,-136.67,-7.96,-7.94,51.59,51.67,-50.31,-0.13648234725133,-7.98,51.8812104741887
"3 Global fit",-50.4,"-50.94 to -49.97",-136.79,"-138.44 to -135.49",-7.97,"-8 to -7.94",51.81,"51.63 to 51.95","AGCGCU",-50.94,-49.97,-138.44,-135.49,-8,-7.94,51.63,51.95,-50.31,-0.13648234725133,-7.98,51.8812104741887
"1 individual fits",-51.55,"-51.65 to -51.43",-137.99,"-138.31 to -137.62",-8.75,"-8.76 to -8.74",56.68,"56.63 to 56.72","AGGCCU",-51.65,-51.43,-138.31,-137.62,-8.76,-8.74,56.63,56.72,-51.57,-0.137965500564243,-8.78,56.8593726375104
"2 Tm versus ln[Ct]",-51.19,"-51.36 to -51.02",-136.89,"-137.42 to -136.37",-8.73,"-8.74 to -8.72",56.69,"56.64 to 56.74","AGGCCU",-51.36,-51.02,-137.42,-136.37,-8.74,-8.72,56.64,56.74,-51.57,-0.137965500564243,-8.78,56.8593726375104
"3 Global fit",-51.67,"-51.92 to -51.29",-138.28,"-139.01 to -137.15",-8.78,"-8.81 to -8.74",56.82,"56.65 to 56.96","AGGCCU",-51.92,-51.29,-139.01,-137.15,-8.81,-8.74,56.65,56.96,-51.57,-0.137965500564243,-8.78,56.8593726375104
"1 individual fits",-50.8,"-51.02 to -50.61",-142.62,"-143.34 to -142.01",-6.56,"-6.57 to -6.56",42.51,"42.45 to 42.56","CACGUG",-51.02,-50.61,-143.34,-142.01,-6.57,-6.56,42.45,42.56,-50.71,-0.142608415282928,-6.48,41.9927547826918
"2 Tm versus ln[Ct]",-60.41,"-60.54 to -60.26",-173.25,"-173.69 to -172.78",-6.67,"-6.68 to -6.67",42.2,"42.16 to 42.23","CACGUG",-60.54,-60.26,-173.69,-172.78,-6.68,-6.67,42.16,42.23,-50.71,-0.142608415282928,-6.48,41.9927547826918
"3 Global fit",-50.62,"-50.93 to -50.31",-142.37,"-143.34 to -141.4",-6.47,"-6.49 to -6.46",41.94,"41.84 to 42.05","CACGUG",-50.93,-50.31,-143.34,-141.4,-6.49,-6.46,41.84,42.05,-50.71,-0.142608415282928,-6.48,41.9927547826918
"1 individual fits",-53.12,"-53.24 to -53.01",-147.61,"-148 to -147.27",-7.33,"-7.34 to -7.32",46.99,"46.92 to 47.06","CAGCUG",-53.24,-53.01,-148,-147.27,-7.34,-7.32,46.92,47.06,-53.11,-0.147767209414799,-7.28,46.6549057802991
"2 Tm versus ln[Ct]",-54,"-54.25 to -53.72",-150.4,"-151.19 to -149.5",-7.36,"-7.37 to -7.35",46.96,"46.9 to 47.03","CAGCUG",-54.25,-53.72,-151.19,-149.5,-7.37,-7.35,46.9,47.03,-53.11,-0.147767209414799,-7.28,46.6549057802991
"3 Global fit",-53,"-53.44 to -52.65",-147.36,"-148.73 to -146.3",-7.3,"-7.32 to -7.27",46.77,"46.63 to 46.91","CAGCUG",-53.44,-52.65,-148.73,-146.3,-7.32,-7.27,46.63,46.91,-53.11,-0.147767209414799,-7.28,46.6549057802991
"1 individual fits",-53.39,"-53.55 to -53.23",-148.43,"-148.94 to -147.94",-7.35,"-7.36 to -7.35",47.06,"47.02 to 47.1","CCAUGG",-53.55,-53.23,-148.94,-147.94,-7.36,-7.35,47.02,47.1,-53.43,-0.148476543607932,-7.38,47.2134368889456
"2 Tm versus ln[Ct]",-49.01,"-49.22 to -48.85",-134.7,"-135.35 to -134.19",-7.23,"-7.24 to -7.23",47.17,"47.13 to 47.21","CCAUGG",-49.22,-48.85,-135.35,-134.19,-7.24,-7.23,47.13,47.21,-53.43,-0.148476543607932,-7.38,47.2134368889456
"3 Global fit",-52.6,"-53.09 to -51.93",-145.94,"-147.42 to -143.92",-7.33,"-7.36 to -7.29",47.07,"46.92 to 47.2","CCAUGG",-53.09,-51.93,-147.42,-143.92,-7.36,-7.29,46.92,47.2,-53.43,-0.148476543607932,-7.38,47.2134368889456
"1 individual fits",-59.16,"-59.26 to -59.04",-157.68,"-157.97 to -157.3",-10.26,"-10.27 to -10.25",63.03,"62.99 to 63.08","CCGCGG",-59.26,-59.04,-157.97,-157.3,-10.27,-10.25,62.99,63.08,-59.33,-0.158149282605191,-10.28,63.0886152019798
"2 Tm versus ln[Ct]",-57.54,"-57.69 to -57.44",-152.84,"-153.29 to -152.53",-10.14,"-10.15 to -10.13",63.06,"63.02 to 63.1","CCGCGG",-57.69,-57.44,-153.29,-152.53,-10.15,-10.13,63.02,63.1,-59.33,-0.158149282605191,-10.28,63.0886152019798
"3 Global fit",-58.98,"-59.35 to -58.44",-157.15,"-158.22 to -155.53",-10.24,"-10.28 to -10.2",63.03,"62.94 to 63.14","CCGCGG",-59.35,-58.44,-158.22,-155.53,-10.28,-10.2,62.94,63.14,-59.33,-0.158149282605191,-10.28,63.0886152019798
"1 individual fits",-51.93,"-52.12 to -51.8",-143.07,"-143.69 to -142.66",-7.55,"-7.56 to -7.54",48.63,"48.54 to 48.69","CCUAGG",-52.12,-51.8,-143.69,-142.66,-7.56,-7.54,48.54,48.69,-51.82,-0.142640657746252,-7.58,48.8264534992903
"2 Tm versus ln[Ct]",-51.36,"-51.8 to -50.78",-141.31,"-142.68 to -139.51",-7.53,"-7.55 to -7.51",48.64,"48.58 to 48.7","CCUAGG",-51.8,-50.78,-142.68,-139.51,-7.55,-7.51,48.58,48.7,-51.82,-0.142640657746252,-7.58,48.8264534992903
"3 Global fit",-51.79,"-52.41 to -51.28",-142.61,"-144.59 to -140.96",-7.56,"-7.58 to -7.54",48.71,"48.56 to 48.86","CCUAGG",-52.41,-51.28,-144.59,-140.96,-7.58,-7.54,48.56,48.86,-51.82,-0.142640657746252,-7.58,48.8264534992903
"1 individual fits",-58.12,"-58.24 to -58",-156.81,"-157.17 to -156.43",-9.49,"-9.49 to -9.48",58.76,"58.71 to 58.81","CGCGCG",-58.24,-58,-157.17,-156.43,-9.49,-9.48,58.71,58.81,-58.07,-0.156666129292278,-9.48,58.7375190528426
"2 Tm versus ln[Ct]",-58.01,"-58.14 to -57.87",-156.47,"-156.89 to -156.07",-9.48,"-9.49 to -9.47",58.75,"58.71 to 58.79","CGCGCG",-58.14,-57.87,-156.89,-156.07,-9.49,-9.47,58.71,58.79,-58.07,-0.156666129292278,-9.48,58.7375190528426
"3 Global fit",-58.46,"-58.71 to -58.13",-157.86,"-158.57 to -156.82",-9.5,"-9.53 to -9.47",58.72,"58.6 to 58.84","CGCGCG",-58.71,-58.13,-158.57,-156.82,-9.53,-9.47,58.6,58.84,-58.07,-0.156666129292278,-9.48,58.7375190528426
"1 individual fits",-59.46,"-59.55 to -59.36",-158.67,"-158.92 to -158.35",-10.25,"-10.26 to -10.24",62.85,"62.81 to 62.89","CGGCCG",-59.55,-59.36,-158.92,-158.35,-10.26,-10.24,62.81,62.89,-59.33,-0.158149282605191,-10.28,63.0886152019798
"2 Tm versus ln[Ct]",-56.56,"-56.76 to -56.37",-150,"-150.61 to -149.44",-10.03,"-10.05 to -10.02",62.89,"62.85 to 62.93","CGGCCG",-56.76,-56.37,-150.61,-149.44,-10.05,-10.02,62.85,62.93,-59.33,-0.158149282605191,-10.28,63.0886152019798
"3 Global fit",-58.78,"-59.29 to -58.22",-156.56,"-158 to -154.98",-10.22,"-10.28 to -10.16",62.99,"62.82 to 63.14","CGGCCG",-59.29,-58.22,-158,-154.98,-10.28,-10.16,62.82,63.14,-59.33,-0.158149282605191,-10.28,63.0886152019798
"1 individual fits",-53.16,"-53.31 to -53.02",-147.84,"-148.34 to -147.4",-7.3,"-7.31 to -7.3",46.79,"46.73 to 46.84","CUGCAG",-53.31,-53.02,-148.34,-147.4,-7.31,-7.3,46.73,46.84,-53.11,-0.147767209414799,-7.28,46.6549057802991
"2 Tm versus ln[Ct]",-57.28,"-57.46 to -57.02",-160.79,"-161.36 to -159.99",-7.41,"-7.42 to -7.4",46.69,"46.65 to 46.73","CUGCAG",-57.46,-57.02,-161.36,-159.99,-7.42,-7.4,46.65,46.73,-53.11,-0.147767209414799,-7.28,46.6549057802991
"3 Global fit",-53.7,"-54.56 to -53.29",-149.65,"-152.39 to -148.38",-7.28,"-7.32 to -7.25",46.56,"46.4 to 46.74","CUGCAG",-54.56,-53.29,-152.39,-148.38,-7.32,-7.25,46.4,46.74,-53.11,-0.147767209414799,-7.28,46.6549057802991
"1 individual fits",-54.58,"-54.71 to -54.43",-154.98,"-155.41 to -154.5",-6.51,"-6.52 to -6.51",41.83,"41.78 to 41.9","GACGUC",-54.71,-54.43,-155.41,-154.5,-6.52,-6.51,41.78,41.9,-54.71,-0.155505400612607,-6.48,41.622280378939
"2 Tm versus ln[Ct]",-54.56,"-54.72 to -54.4",-154.92,"-155.44 to -154.41",-6.51,"-6.52 to -6.51",41.83,"41.78 to 41.89","GACGUC",-54.72,-54.4,-155.44,-154.41,-6.52,-6.51,41.78,41.89,-54.71,-0.155505400612607,-6.48,41.622280378939
"3 Global fit",-54.78,"-55.28 to -53.74",-155.72,"-157.31 to -152.34",-6.49,"-6.51 to -6.47",41.65,"41.54 to 41.82","GACGUC",-55.28,-53.74,-157.31,-152.34,-6.51,-6.47,41.54,41.82,-54.71,-0.155505400612607,-6.48,41.622280378939
"1 individual fits",-50.89,"-51.04 to -50.7",-144.96,"-145.45 to -144.35",-5.93,"-5.94 to -5.93",33.4,"33.36 to 33.45","GAGAGA",-51.04,-50.7,-145.45,-144.35,-5.94,-5.93,33.36,33.45,-50.95,-0.145058842495567,-5.96,33.5625039138828
"2 Tm versus ln[Ct]",-48.33,"-48.62 to -48.09",-136.5,"-137.47 to -135.71",-6,"-6 to -5.99",33.6,"33.55 to 33.65","GAGAGA",-48.62,-48.09,-137.47,-135.71,-6,-5.99,33.55,33.65,-50.95,-0.145058842495567,-5.96,33.5625039138828
"3 Global fit",-50.72,"-50.93 to -50.53",-144.35,"-145.06 to -143.74",-5.95,"-5.96 to -5.94",33.48,"33.39 to 33.55","GAGAGA",-50.93,-50.53,-145.06,-143.74,-5.96,-5.94,33.39,33.55,-50.95,-0.145058842495567,-5.96,33.5625039138828
"1 individual fits",-56.92,"-57.1 to -56.69",-159.95,"-160.53 to -159.24",-7.31,"-7.32 to -7.3",46.17,"46.11 to 46.21","GAGCUC",-57.1,-56.69,-160.53,-159.24,-7.32,-7.3,46.11,46.21,-57.11,-0.160664194744478,-7.28,45.9591395779022
"2 Tm versus ln[Ct]",-56.89,"-57.18 to -56.66",-159.87,"-160.77 to -159.14",-7.31,"-7.32 to -7.3",46.16,"46.1 to 46.21","GAGCUC",-57.18,-56.66,-160.77,-159.14,-7.32,-7.3,46.1,46.21,-57.11,-0.160664194744478,-7.28,45.9591395779022
"3 Global fit",-56.29,"-56.92 to -55.87",-158.12,"-160.16 to -156.73",-7.25,"-7.29 to -7.22",45.9,"45.74 to 46.1","GAGCUC",-56.92,-55.87,-160.16,-156.73,-7.29,-7.22,45.74,46.1,-57.11,-0.160664194744478,-7.28,45.9591395779022
"1 individual fits",-55.53,"-55.68 to -55.34",-154.52,"-155.02 to -153.91",-7.6,"-7.61 to -7.6",43.11,"43.07 to 43.16","GAGGAG",-55.68,-55.34,-155.02,-153.91,-7.61,-7.6,43.07,43.16,-55.62,-0.154796066419474,-7.61,43.1356415793045
"2 Tm versus ln[Ct]",-59.84,"-60.04 to -59.6",-168.31,"-168.98 to -167.58",-7.64,"-7.64 to -7.63",42.83,"42.8 to 42.87","GAGGAG",-60.04,-59.6,-168.98,-167.58,-7.64,-7.63,42.8,42.87,-55.62,-0.154796066419474,-7.61,43.1356415793045
"3 Global fit",-56.35,"-57.37 to -55.62",-157.26,"-160.52 to -155",-7.58,"-7.61 to -7.54",42.87,"42.6 to 43.1","GAGGAG",-57.37,-55.62,-160.52,-155,-7.61,-7.54,42.6,43.1,-55.62,-0.154796066419474,-7.61,43.1356415793045
"1 individual fits",-50.65,"-50.74 to -50.56",-141.16,"-141.44 to -140.9",-6.87,"-6.87 to -6.87",39.09,"39.04 to 39.12","GCAACG",-50.74,-50.56,-141.44,-140.9,-6.87,-6.87,39.04,39.12,-50.57,-0.140770594873448,-6.91,39.34183660832
"2 Tm versus ln[Ct]",-49.31,"-49.42 to -49.24",-136.83,"-137.17 to -136.57",-6.88,"-6.88 to -6.87",39.19,"39.15 to 39.22","GCAACG",-49.42,-49.24,-137.17,-136.57,-6.88,-6.87,39.15,39.22,-50.57,-0.140770594873448,-6.91,39.34183660832
"3 Global fit",-50.45,"-50.8 to -50.06",-140.44,"-141.58 to -139.16",-6.89,"-6.91 to -6.87",39.24,"39.12 to 39.35","GCAACG",-50.8,-50.06,-141.58,-139.16,-6.91,-6.87,39.12,39.35,-50.57,-0.140770594873448,-6.91,39.34183660832
"1 individual fits",-54.1,"-54.22 to -53.98",-151.87,"-152.25 to -151.46",-7,"-7 to -7",39.72,"39.68 to 39.76","GCAUCG",-54.22,-53.98,-152.25,-151.46,-7,-7,39.68,39.76,-54.17,-0.152055457036918,-7.01,39.7668344917548
"2 Tm versus ln[Ct]",-53.41,"-53.59 to -53.27",-149.62,"-150.22 to -149.18",-7,"-7.01 to -7",39.76,"39.73 to 39.8","GCAUCG",-53.59,-53.27,-150.22,-149.18,-7.01,-7,39.73,39.8,-54.17,-0.152055457036918,-7.01,39.7668344917548
"3 Global fit",-54.65,"-55.4 to -53.92",-153.64,"-156 to -151.35",-7,"-7.03 to -6.96",39.69,"39.46 to 39.86","GCAUCG",-55.4,-53.92,-156,-151.35,-7.03,-6.96,39.46,39.86,-54.17,-0.152055457036918,-7.01,39.7668344917548
"1 individual fits",-56.61,"-56.89 to -56.4",-157.98,"-158.88 to -157.32",-7.62,"-7.63 to -7.61",48,"47.91 to 48.07","GCAUGC",-56.89,-56.4,-158.88,-157.32,-7.63,-7.61,47.91,48.07,-56.41,-0.157439948412059,-7.58,47.8305482000484
"2 Tm versus ln[Ct]",-57.15,"-57.67 to -56.44",-159.65,"-161.28 to -157.44",-7.63,"-7.66 to -7.61",48,"47.95 to 48.05","GCAUGC",-57.67,-56.44,-161.28,-157.44,-7.66,-7.61,47.95,48.05,-56.41,-0.157439948412059,-7.58,47.8305482000484
"3 Global fit",-56.09,"-56.55 to -55.69",-156.47,"-157.9 to -155.26",-7.56,"-7.59 to -7.53",47.76,"47.62 to 47.91","GCAUGC",-56.55,-55.69,-157.9,-155.26,-7.59,-7.53,47.62,47.91,-56.41,-0.157439948412059,-7.58,47.8305482000484
"1 individual fits",-60.78,"-60.95 to -60.63",-161.04,"-161.56 to -160.58",-10.83,"-10.84 to -10.82",60.63,"60.59 to 60.68","GCCGCG",-60.95,-60.63,-161.56,-160.58,-10.84,-10.82,60.59,60.68,-60.82,-0.161244559084314,-10.81,60.4718805575329
"2 Tm versus ln[Ct]",-60.64,"-60.83 to -60.41",-160.62,"-161.19 to -159.94",-10.83,"-10.84 to -10.81",60.64,"60.61 to 60.68","GCCGCG",-60.83,-60.41,-161.19,-159.94,-10.84,-10.81,60.61,60.68,-60.82,-0.161244559084314,-10.81,60.4718805575329
"3 Global fit",-60.86,"-61.27 to -60.5",-161.31,"-162.55 to -160.25",-10.83,"-10.86 to -10.8",60.57,"60.48 to 60.68","GCCGCG",-61.27,-60.5,-162.55,-160.25,-10.86,-10.8,60.48,60.68,-60.82,-0.161244559084314,-10.81,60.4718805575329
"1 individual fits",-63.76,"-63.9 to -63.59",-169.03,"-169.46 to -168.55",-11.33,"-11.35 to -11.32",67.19,"67.15 to 67.24","GCCGGC",-63.9,-63.59,-169.46,-168.55,-11.35,-11.32,67.15,67.24,-63.57,-0.168595840722231,-11.28,66.9809057370459
"2 Tm versus ln[Ct]",-63.57,"-63.8 to -63.41",-168.46,"-169.15 to -168",-11.32,"-11.34 to -11.3",67.2,"67.17 to 67.24","GCCGGC",-63.8,-63.41,-169.15,-168,-11.34,-11.3,67.17,67.24,-63.57,-0.168595840722231,-11.28,66.9809057370459
"3 Global fit",-63.53,"-63.81 to -63.27",-168.39,"-169.16 to -167.63",-11.3,"-11.34 to -11.26",67.11,"67 to 67.25","GCCGGC",-63.81,-63.27,-169.16,-167.63,-11.34,-11.26,67,67.25,-63.57,-0.168595840722231,-11.28,66.9809057370459
"1 individual fits",-60.8,"-60.94 to -60.67",-161.24,"-161.64 to -160.83",-10.79,"-10.81 to -10.78",60.38,"60.35 to 60.43","GCGCCG",-60.94,-60.67,-161.64,-160.83,-10.81,-10.78,60.35,60.43,-60.82,-0.161244559084314,-10.81,60.4718805575329
"2 Tm versus ln[Ct]",-61.29,"-61.44 to -61.1",-162.71,"-163.16 to -162.13",-10.82,"-10.83 to -10.81",60.36,"60.33 to 60.39","GCGCCG",-61.44,-61.1,-163.16,-162.13,-10.83,-10.81,60.33,60.39,-60.82,-0.161244559084314,-10.81,60.4718805575329
"3 Global fit",-61.05,"-61.6 to -60.4",-162.01,"-163.64 to -160",-10.8,"-10.85 to -10.75",60.34,"60.22 to 60.48","GCGCCG",-61.6,-60.4,-163.64,-160,-10.85,-10.75,60.22,60.48,-60.82,-0.161244559084314,-10.81,60.4718805575329
"1 individual fits",-62.45,"-62.69 to -62.21",-167.45,"-168.15 to -166.74",-10.52,"-10.54 to -10.49",63.05,"63 to 63.1","GCGCGC",-62.69,-62.21,-168.15,-166.74,-10.54,-10.49,63,63.1,-62.31,-0.167112687409318,-10.48,62.9060909618156
"2 Tm versus ln[Ct]",-61.88,"-62.25 to -61.59",-165.76,"-166.84 to -164.9",-10.47,"-10.5 to -10.45",63.06,"63.01 to 63.11","GCGCGC",-62.25,-61.59,-166.84,-164.9,-10.5,-10.45,63.01,63.11,-62.31,-0.167112687409318,-10.48,62.9060909618156
"3 Global fit",-61.94,"-62.29 to -61.6",-166.11,"-167.23 to -165.13",-10.42,"-10.46 to -10.38",62.72,"62.56 to 62.89","GCGCGC",-62.29,-61.6,-167.23,-165.13,-10.46,-10.38,62.56,62.89,-62.31,-0.167112687409318,-10.48,62.9060909618156
"1 individual fits",-60.85,"-61.12 to -60.61",-161.04,"-161.9 to -160.3",-10.9,"-10.91 to -10.89",60.98,"60.92 to 61.05","GCGCGG",-61.12,-60.61,-161.9,-160.3,-10.91,-10.89,60.92,61.05,-60.82,-0.161244559084314,-10.81,60.4718805575329
"2 Tm versus ln[Ct]",-69.41,"-69.79 to -68.9",-187,"-188.11 to -185.44",-11.42,"-11.44 to -11.38",60.49,"60.44 to 60.54","GCGCGG",-69.79,-68.9,-188.11,-185.44,-11.44,-11.38,60.44,60.54,-60.82,-0.161244559084314,-10.81,60.4718805575329
"3 Global fit",-60.68,"-61.01 to -60.38",-160.83,"-161.79 to -159.91",-10.8,"-10.83 to -10.78",60.48,"60.39 to 60.57","GCGCGG",-61.01,-60.38,-161.79,-159.91,-10.83,-10.78,60.39,60.57,-60.82,-0.161244559084314,-10.81,60.4718805575329
"1 individual fits",-60.83,"-61.38 to -60.53",-161.12,"-162.8 to -160.22",-10.86,"-10.88 to -10.84",60.74,"60.66 to 60.83","GCGGCG",-61.38,-60.53,-162.8,-160.22,-10.88,-10.84,60.66,60.83,-60.82,-0.161244559084314,-10.81,60.4718805575329
"2 Tm versus ln[Ct]",-61.58,"-61.96 to -61.2",-163.4,"-164.52 to -162.24",-10.91,"-10.94 to -10.88",60.73,"60.67 to 60.77","GCGGCG",-61.96,-61.2,-164.52,-162.24,-10.94,-10.88,60.67,60.77,-60.82,-0.161244559084314,-10.81,60.4718805575329
"3 Global fit",-60.65,"-61.37 to -60.08",-160.76,"-162.94 to -159.06",-10.79,"-10.85 to -10.75",60.45,"60.26 to 60.63","GCGGCG",-61.37,-60.08,-162.94,-159.06,-10.85,-10.75,60.26,60.63,-60.82,-0.161244559084314,-10.81,60.4718805575329
"1 individual fits",-56.61,"-56.77 to -56.47",-155.13,"-155.63 to -154.71",-8.5,"-8.5 to -8.49",48.15,"48.11 to 48.2","GCGUCG",-56.77,-56.47,-155.63,-154.71,-8.5,-8.49,48.11,48.2,-56.39,-0.154699339029502,-8.41,47.6907580986618
"2 Tm versus ln[Ct]",-59.82,"-59.99 to -59.61",-165.24,"-165.78 to -164.6",-8.57,"-8.58 to -8.56",47.94,"47.91 to 47.97","GCGUCG",-59.99,-59.61,-165.78,-164.6,-8.58,-8.56,47.91,47.97,-56.39,-0.154699339029502,-8.41,47.6907580986618
"3 Global fit",-56.66,"-57.28 to -56.25",-155.59,"-157.54 to -154.32",-8.41,"-8.44 to -8.38",47.63,"47.51 to 47.78","GCGUCG",-57.28,-56.25,-157.54,-154.32,-8.44,-8.38,47.51,47.78,-56.39,-0.154699339029502,-8.41,47.6907580986618
"1 individual fits",-51.46,"-51.53 to -51.37",-142.34,"-142.57 to -142.05",-7.31,"-7.32 to -7.31",41.8,"41.76 to 41.84","GCUACG",-51.53,-51.37,-142.57,-142.05,-7.32,-7.31,41.76,41.84,-51.48,-0.142414960502982,-7.31,41.7651734930737
"2 Tm versus ln[Ct]",-52.04,"-52.18 to -51.83",-144.19,"-144.67 to -143.52",-7.31,"-7.32 to -7.31",41.74,"41.7 to 41.79","GCUACG",-52.18,-51.83,-144.67,-143.52,-7.32,-7.31,41.7,41.79,-51.48,-0.142414960502982,-7.31,41.7651734930737
"3 Global fit",-51.47,"-51.76 to -51.19",-142.39,"-143.35 to -141.52",-7.3,"-7.32 to -7.28",41.72,"41.6 to 41.84","GCUACG",-51.76,-51.19,-143.35,-141.52,-7.32,-7.28,41.6,41.84,-51.48,-0.142414960502982,-7.31,41.7651734930737
"1 individual fits",-54.85,"-54.95 to -54.72",-151.69,"-152 to -151.29",-7.8,"-7.81 to -7.79",49.49,"49.46 to 49.53","GCUAGC",-54.95,-54.72,-152,-151.29,-7.81,-7.79,49.46,49.53,-54.8,-0.151604062550379,-7.78,49.3796666826905
"2 Tm versus ln[Ct]",-51.35,"-51.46 to -51.25",-140.8,"-141.14 to -140.48",-7.68,"-7.69 to -7.68",49.61,"49.57 to 49.64","GCUAGC",-51.46,-51.25,-141.14,-140.48,-7.69,-7.68,49.57,49.64,-54.8,-0.151604062550379,-7.78,49.3796666826905
"3 Global fit",-54.38,"-54.86 to -53.79",-150.27,"-151.72 to -148.49",-7.77,"-7.8 to -7.73",49.43,"49.31 to 49.55","GCUAGC",-54.86,-53.79,-151.72,-148.49,-7.8,-7.73,49.31,49.55,-54.8,-0.151604062550379,-7.78,49.3796666826905
"1 individual fits",-57.4,"-57.57 to -57.22",-161.27,"-161.8 to -160.73",-7.38,"-7.38 to -7.37",46.48,"46.45 to 46.52","GGAUCC",-57.57,-57.22,-161.8,-160.73,-7.38,-7.37,46.45,46.52,-57.43,-0.161373528937611,-7.38,46.4803266622694
"2 Tm versus ln[Ct]",-60.42,"-60.58 to -60.21",-170.78,"-171.27 to -170.12",-7.46,"-7.46 to -7.45",46.4,"46.37 to 46.44","GGAUCC",-60.58,-60.21,-171.27,-170.12,-7.46,-7.45,46.37,46.44,-57.43,-0.161373528937611,-7.38,46.4803266622694
"3 Global fit",-58.05,"-58.58 to -57.49",-163.26,"-165.02 to -161.59",-7.41,"-7.45 to -7.37",46.57,"46.36 to 46.73","GGAUCC",-58.58,-57.49,-165.02,-161.59,-7.45,-7.37,46.36,46.73,-57.43,-0.161373528937611,-7.38,46.4803266622694
"1 individual fits",-63.76,"-63.95 to -63.54",-169.17,"-169.74 to -168.52",-11.29,"-11.31 to -11.28",66.95,"66.9 to 67","GGCGCC",-63.95,-63.54,-169.74,-168.52,-11.31,-11.28,66.9,67,-63.57,-0.168595840722231,-11.28,66.9809057370459
"2 Tm versus ln[Ct]",-65.4,"-65.62 to -65.17",-173.99,"-174.65 to -173.33",-11.43,"-11.45 to -11.41",66.93,"66.9 to 66.97","GGCGCC",-65.62,-65.17,-174.65,-173.33,-11.45,-11.41,66.9,66.97,-63.57,-0.168595840722231,-11.28,66.9809057370459
"3 Global fit",-63.27,"-63.77 to -62.77",-167.8,"-169.24 to -166.36",-11.23,"-11.28 to -11.17",66.84,"66.72 to 67","GGCGCC",-63.77,-62.77,-169.24,-166.36,-11.28,-11.17,66.72,67,-63.57,-0.168595840722231,-11.28,66.9809057370459
"1 individual fits",-60.63,"-60.8 to -60.47",-160.63,"-161.12 to -160.13",-10.82,"-10.83 to -10.8",60.57,"60.54 to 60.61","GGCGCG",-60.8,-60.47,-161.12,-160.13,-10.83,-10.8,60.54,60.61,-60.82,-0.161244559084314,-10.81,60.4718805575329
"2 Tm versus ln[Ct]",-67.64,"-68.02 to -67.4",-181.86,"-182.99 to -181.12",-11.24,"-11.27 to -11.22",60.21,"60.17 to 60.24","GGCGCG",-68.02,-67.4,-182.99,-181.12,-11.27,-11.22,60.17,60.24,-60.82,-0.161244559084314,-10.81,60.4718805575329
"3 Global fit",-60.68,"-61.35 to -60.29",-160.93,"-162.93 to -159.76",-10.77,"-10.81 to -10.73",60.29,"60.13 to 60.46","GGCGCG",-61.35,-60.29,-162.93,-159.76,-10.81,-10.73,60.13,60.46,-60.82,-0.161244559084314,-10.81,60.4718805575329
"1 individual fits",-53.64,"-53.77 to -53.49",-147.96,"-148.37 to -147.49",-7.75,"-7.76 to -7.74",49.47,"49.43 to 49.51","GGUACC",-53.77,-53.49,-148.37,-147.49,-7.76,-7.74,49.43,49.51,-53.66,-0.14792842173142,-7.78,49.6534011285357
"2 Tm versus ln[Ct]",-52.89,"-53.09 to -52.69",-145.61,"-146.25 to -145",-7.72,"-7.73 to -7.72",49.5,"49.45 to 49.54","GGUACC",-53.09,-52.69,-146.25,-145,-7.73,-7.72,49.45,49.54,-53.66,-0.14792842173142,-7.78,49.6534011285357
"3 Global fit",-53.63,"-54 to -53.17",-147.87,"-148.96 to -146.45",-7.77,"-7.8 to -7.74",49.6,"49.47 to 49.72","GGUACC",-54,-53.17,-148.96,-146.45,-7.8,-7.74,49.47,49.72,-53.66,-0.14792842173142,-7.78,49.6534011285357
"1 individual fits",-54.92,"-55.09 to -54.76",-155.97,"-156.56 to -155.43",-6.54,"-6.56 to -6.53",41.97,"41.89 to 42.07","GUCGAC",-55.09,-54.76,-156.56,-155.43,-6.56,-6.53,41.89,42.07,-54.71,-0.155505400612607,-6.48,41.622280378939
"2 Tm versus ln[Ct]",-59.92,"-61.34 to -58.92",-171.95,"-176.45 to -168.76",-6.6,"-6.62 to -6.57",41.82,"41.78 to 41.87","GUCGAC",-61.34,-58.92,-176.45,-168.76,-6.62,-6.57,41.78,41.87,-54.71,-0.155505400612607,-6.48,41.622280378939
"3 Global fit",-54.6,"-55.04 to -54.31",-155.11,"-156.52 to -154.2",-6.5,"-6.52 to -6.48",41.72,"41.61 to 41.85","GUCGAC",-55.04,-54.31,-156.52,-154.2,-6.52,-6.48,41.61,41.85,-54.71,-0.155505400612607,-6.48,41.622280378939
"1 individual fits",-54.95,"-55.34 to -54.69",-153.05,"-154.26 to -152.23",-7.48,"-7.49 to -7.48",47.54,"47.46 to 47.6","GUGCAC",-55.34,-54.69,-154.26,-152.23,-7.49,-7.48,47.46,47.6,-54.95,-0.153054973399968,-7.48,47.5241231147303
"2 Tm versus ln[Ct]",-56.71,"-56.9 to -56.43",-158.55,"-159.15 to -157.65",-7.53,"-7.54 to -7.53",47.5,"47.47 to 47.56","GUGCAC",-56.9,-56.43,-159.15,-157.65,-7.54,-7.53,47.47,47.56,-54.95,-0.153054973399968,-7.48,47.5241231147303
"3 Global fit",-55.38,"-55.75 to -55.09",-154.38,"-155.53 to -153.5",-7.5,"-7.52 to -7.48",47.55,"47.43 to 47.67","GUGCAC",-55.75,-55.09,-155.53,-153.5,-7.52,-7.48,47.43,47.67,-54.95,-0.153054973399968,-7.48,47.5241231147303
"1 individual fits",-53.19,"-53.46 to -53.04",-146.19,"-147.04 to -145.71",-7.85,"-7.86 to -7.85",44.9,"44.86 to 44.94","GUGGUG",-53.46,-53.04,-147.04,-145.71,-7.86,-7.85,44.86,44.94,-53.46,-0.147186845074964,-7.81,44.6018855735336
"2 Tm versus ln[Ct]",-52.94,"-53.22 to -52.74",-145.4,"-146.28 to -144.77",-7.85,"-7.85 to -7.84",44.91,"44.86 to 44.96","GUGGUG",-53.22,-52.74,-146.28,-144.77,-7.85,-7.84,44.86,44.96,-53.46,-0.147186845074964,-7.81,44.6018855735336
"3 Global fit",-53.01,"-53.43 to -52.41",-145.69,"-147.02 to -143.77",-7.82,"-7.85 to -7.81",44.76,"44.64 to 44.94","GUGGUG",-53.43,-52.41,-147.02,-143.77,-7.85,-7.81,44.64,44.94,-53.46,-0.147186845074964,-7.81,44.6018855735336
"1 individual fits",-52.62,"-52.76 to -52.49",-147.53,"-147.99 to -147.1",-6.86,"-6.87 to -6.85",38.95,"38.91 to 39.01","GUGUCG",-52.76,-52.49,-147.99,-147.1,-6.87,-6.85,38.91,39.01,-52.71,-0.147670482024827,-6.91,39.2460706574831
"2 Tm versus ln[Ct]",-52.62,"-52.78 to -52.47",-147.55,"-148.05 to -147.06",-6.86,"-6.86 to -6.86",38.95,"38.91 to 38.99","GUGUCG",-52.78,-52.47,-148.05,-147.06,-6.86,-6.86,38.91,38.99,-52.71,-0.147670482024827,-6.91,39.2460706574831
"3 Global fit",-52.22,"-53.08 to -51.64",-146.2,"-149.05 to -144.3",-6.88,"-6.91 to -6.85",39.08,"38.86 to 39.25","GUGUCG",-53.08,-51.64,-149.05,-144.3,-6.91,-6.85,38.86,39.25,-52.71,-0.147670482024827,-6.91,39.2460706574831
"1 individual fits",-44.32,"-44.5 to -44.2",-129.9,"-130.5 to -129.47",-4.04,"-4.04 to -4.03",25.94,"25.89 to 25.99","UCAUGA",-44.5,-44.2,-130.5,-129.47,-4.04,-4.03,25.89,25.99,-44.09,-0.129002095760116,-4.08,26.1611888666864
"2 Tm versus ln[Ct]",-44.56,"-44.73 to -44.36",-130.66,"-131.24 to -130.01",-4.03,"-4.04 to -4.02",25.97,"25.92 to 26.02","UCAUGA",-44.73,-44.36,-131.24,-130.01,-4.04,-4.02,25.92,26.02,-44.09,-0.129002095760116,-4.08,26.1611888666864
"3 Global fit",-43.97,"-44.63 to -43.62",-128.7,"-130.92 to -127.51",-4.06,"-4.08 to -4.03",25.99,"25.91 to 26.06","UCAUGA",-44.63,-43.62,-130.92,-127.51,-4.08,-4.03,25.91,26.06,-44.09,-0.129002095760116,-4.08,26.1611888666864
"1 individual fits",-51.38,"-51.56 to -51.17",-140.55,"-141.11 to -139.91",-7.79,"-7.79 to -7.77",50.28,"50.23 to 50.32","UCCGGA",-51.56,-51.17,-141.11,-139.91,-7.79,-7.77,50.23,50.32,-51.25,-0.140157988070289,-7.78,50.2738853660553
"2 Tm versus ln[Ct]",-49.95,"-50.09 to -49.77",-136.13,"-136.54 to -135.58",-7.73,"-7.74 to -7.72",50.31,"50.27 to 50.35","UCCGGA",-50.09,-49.77,-136.54,-135.58,-7.74,-7.72,50.27,50.35,-51.25,-0.140157988070289,-7.78,50.2738853660553
"3 Global fit",-51.05,"-51.31 to -50.83",-139.54,"-140.39 to -138.89",-7.77,"-7.78 to -7.75",50.26,"50.15 to 50.35","UCCGGA",-51.31,-50.83,-140.39,-138.89,-7.78,-7.75,50.15,50.35,-51.25,-0.140157988070289,-7.78,50.2738853660553
"1 individual fits",-50,"-50.16 to -49.82",-138.62,"-139.15 to -138.09",-7.01,"-7.01 to -7",45.47,"45.41 to 45.54","UCGCGA",-50.16,-49.82,-139.15,-138.09,-7.01,-7,45.41,45.54,-49.99,-0.138674834757375,-6.98,45.303031703521
"2 Tm versus ln[Ct]",-52.5,"-52.92 to -52.22",-146.5,"-147.83 to -145.63",-7.06,"-7.08 to -7.06",45.42,"45.37 to 45.47","UCGCGA",-52.92,-52.22,-147.83,-145.63,-7.08,-7.06,45.37,45.47,-49.99,-0.138674834757375,-6.98,45.303031703521
"3 Global fit",-50.04,"-50.71 to -49.57",-138.88,"-140.91 to -137.39",-6.97,"-7.01 to -6.93",45.22,"45.03 to 45.41","UCGCGA",-50.71,-49.57,-140.91,-137.39,-7.01,-6.93,45.03,45.41,-49.99,-0.138674834757375,-6.98,45.303031703521
"1 individual fits",-42.5,"-42.7 to -42.24",-123.25,"-123.93 to -122.41",-4.27,"-4.28 to -4.26",27.08,"27.03 to 27.13","UCUAGA",-42.7,-42.24,-123.93,-122.41,-4.28,-4.26,27.03,27.13,-42.48,-0.123166209898436,-4.28,27.1278030154173
"2 Tm versus ln[Ct]",-42.04,"-42.26 to -41.7",-121.73,"-122.46 to -120.61",-4.29,"-4.3 to -4.28",27.08,"27.04 to 27.12","UCUAGA",-42.26,-41.7,-122.46,-120.61,-4.3,-4.28,27.04,27.12,-42.48,-0.123166209898436,-4.28,27.1278030154173
"3 Global fit",-42.27,"-42.49 to -42.06",-122.5,"-123.27 to -121.82",-4.27,"-4.29 to -4.26",27.03,"26.96 to 27.1","UCUAGA",-42.49,-42.06,-123.27,-121.82,-4.29,-4.26,26.96,27.1,-42.48,-0.123166209898436,-4.28,27.1278030154173
"1 individual fits",-44.02,"-44.42 to -43.71",-128.64,"-129.94 to -127.6",-4.12,"-4.13 to -4.11",26.43,"26.39 to 26.47","UGAUCA",-44.42,-43.71,-129.94,-127.6,-4.13,-4.11,26.39,26.47,-44.09,-0.129002095760116,-4.08,26.1611888666864
"2 Tm versus ln[Ct]",-49.3,"-50.81 to -48.48",-146.37,"-151.41 to -143.64",-3.9,"-3.93 to -3.85",26.2,"26.14 to 26.28","UGAUCA",-50.81,-48.48,-151.41,-143.64,-3.93,-3.85,26.14,26.28,-44.09,-0.129002095760116,-4.08,26.1611888666864
"3 Global fit",-43.96,"-44.49 to -43.61",-128.65,"-130.44 to -127.5",-4.05,"-4.08 to -4.03",25.96,"25.86 to 26.09","UGAUCA",-44.49,-43.61,-130.44,-127.5,-4.08,-4.03,25.86,26.09,-44.09,-0.129002095760116,-4.08,26.1611888666864
"1 individual fits",-50.37,"-50.54 to -50.21",-136.6,"-137.16 to -136.09",-8,"-8.01 to -7.99",52.01,"51.96 to 52.06","UGCGCA",-50.54,-50.21,-137.16,-136.09,-8.01,-7.99,51.96,52.06,-50.23,-0.136224407544736,-7.98,51.90605047106
"2 Tm versus ln[Ct]",-51.55,"-51.73 to -51.33",-140.24,"-140.79 to -139.58",-8.05,"-8.06 to -8.04",51.99,"51.95 to 52.03","UGCGCA",-51.73,-51.33,-140.79,-139.58,-8.06,-8.04,51.95,52.03,-50.23,-0.136224407544736,-7.98,51.90605047106
"3 Global fit",-50.6,"-51.15 to -50.1",-137.33,"-139 to -135.85",-8.01,"-8.06 to -7.97",51.98,"51.8 to 52.21","UGCGCA",-51.15,-50.1,-139,-135.85,-8.06,-7.97,51.8,52.21,-50.23,-0.136224407544736,-7.98,51.90605047106
"1 individual fits",-59.6,"-59.74 to -59.43",-162.28,"-162.72 to -161.75",-9.27,"-9.28 to -9.26",51.94,"51.91 to 51.98","AAGGAGG",-59.74,-59.43,-162.72,-161.75,-9.28,-9.26,51.91,51.98,-59.67,-0.162534257617282,-9.26,51.8643562896939
"2 Tm versus ln[Ct]",-59.6,"-59.77 to -59.32",-162.26,"-162.8 to -161.44",-9.27,"-9.28 to -9.26",51.95,"51.91 to 51.99","AAGGAGG",-59.77,-59.32,-162.8,-161.44,-9.28,-9.26,51.91,51.99,-59.67,-0.162534257617282,-9.26,51.8643562896939
"3 Global fit",-59.6,"-59.94 to -59.09",-162.38,"-163.41 to -160.81",-9.24,"-9.26 to -9.22",51.77,"51.7 to 51.89","AAGGAGG",-59.94,-59.09,-163.41,-160.81,-9.26,-9.22,51.7,51.89,-59.67,-0.162534257617282,-9.26,51.8643562896939
"1 individual fits",-55.7,"-55.82 to -55.56",-154.27,"-154.68 to -153.81",-7.85,"-7.85 to -7.85",44.53,"44.49 to 44.56","ACUGUCA",-55.82,-55.56,-154.68,-153.81,-7.85,-7.85,44.49,44.56,-55.55,-0.153925519909721,-7.81,44.3091337611823
"2 Tm versus ln[Ct]",-54.41,"-54.55 to -54.27",-150.16,"-150.6 to -149.7",-7.84,"-7.84 to -7.84",44.64,"44.61 to 44.68","ACUGUCA",-54.55,-54.27,-150.6,-149.7,-7.84,-7.84,44.61,44.68,-55.55,-0.153925519909721,-7.81,44.3091337611823
"3 Global fit",-55.54,"-55.79 to -55.17",-153.89,"-154.69 to -152.7",-7.81,"-7.82 to -7.8",44.31,"44.22 to 44.42","ACUGUCA",-55.79,-55.17,-154.69,-152.7,-7.82,-7.8,44.22,44.42,-55.55,-0.153925519909721,-7.81,44.3091337611823
"1 individual fits",-56.74,"-57.07 to -56.47",-158.09,"-159.14 to -157.22",-7.71,"-7.72 to -7.71",43.59,"43.55 to 43.64","AGUCUGA",-57.07,-56.47,-159.14,-157.22,-7.72,-7.71,43.55,43.64,-56.63,-0.157730130581976,-7.71,43.5942727098451
"2 Tm versus ln[Ct]",-59.1,"-59.42 to -58.85",-165.64,"-166.66 to -164.83",-7.73,"-7.74 to -7.73",43.43,"43.39 to 43.46","AGUCUGA",-59.42,-58.85,-166.66,-164.83,-7.74,-7.73,43.39,43.46,-56.63,-0.157730130581976,-7.71,43.5942727098451
"3 Global fit",-57.07,"-57.52 to -56.67",-159.18,"-160.66 to -157.9",-7.7,"-7.71 to -7.68",43.47,"43.32 to 43.59","AGUCUGA",-57.52,-56.67,-160.66,-157.9,-7.71,-7.68,43.32,43.59,-56.63,-0.157730130581976,-7.71,43.5942727098451
"1 individual fits",-64.08,"-64.2 to -63.98",-178.84,"-179.2 to -178.53",-8.62,"-8.62 to -8.61",47.43,"47.4 to 47.46","GACUCAG",-64.2,-63.98,-179.2,-178.53,-8.62,-8.61,47.4,47.46,-64.07,-0.178816701596002,-8.61,47.4014118480504
"2 Tm versus ln[Ct]",-63.09,"-63.23 to -62.99",-175.7,"-176.14 to -175.39",-8.6,"-8.6 to -8.59",47.5,"47.48 to 47.53","GACUCAG",-63.23,-62.99,-176.14,-175.39,-8.6,-8.59,47.48,47.53,-64.07,-0.178816701596002,-8.61,47.4014118480504
"3 Global fit",-63.59,"-64.12 to -63.02",-177.26,"-178.91 to -175.54",-8.61,"-8.64 to -8.58",47.5,"47.37 to 47.63","GACUCAG",-64.12,-63.02,-178.91,-175.54,-8.64,-8.58,47.37,47.63,-64.07,-0.178816701596002,-8.61,47.4014118480504
"1 individual fits",-64.12,"-64.36 to -63.96",-178.94,"-179.7 to -178.4",-8.63,"-8.63 to -8.62",47.48,"47.42 to 47.53","GAGUGAG",-64.36,-63.96,-179.7,-178.4,-8.63,-8.62,47.42,47.53,-64.07,-0.178816701596002,-8.61,47.4014118480504
"2 Tm versus ln[Ct]",-65.94,"-66.14 to -65.71",-184.66,"-185.3 to -183.94",-8.66,"-8.67 to -8.66",47.36,"47.33 to 47.39","GAGUGAG",-66.14,-65.71,-185.3,-183.94,-8.67,-8.66,47.33,47.39,-64.07,-0.178816701596002,-8.61,47.4014118480504
"3 Global fit",-63.94,"-64.56 to -63.42",-178.44,"-180.42 to -176.8",-8.59,"-8.63 to -8.57",47.33,"47.2 to 47.47","GAGUGAG",-64.56,-63.42,-180.42,-176.8,-8.63,-8.57,47.2,47.47,-64.07,-0.178816701596002,-8.61,47.4014118480504
"1 individual fits",-63.1,"-63.18 to -63",-175.24,"-175.5 to -174.93",-8.74,"-8.75 to -8.74",48.27,"48.24 to 48.31","GUCACUG",-63.18,-63,-175.5,-174.93,-8.75,-8.74,48.24,48.31,-62.99,-0.175012090923747,-8.71,48.1132674066587
"2 Tm versus ln[Ct]",-63.13,"-63.28 to -62.98",-175.34,"-175.84 to -174.88",-8.75,"-8.75 to -8.74",48.27,"48.24 to 48.31","GUCACUG",-63.28,-62.98,-175.84,-174.88,-8.75,-8.74,48.24,48.31,-62.99,-0.175012090923747,-8.71,48.1132674066587
"3 Global fit",-62.56,"-63.01 to -62.13",-173.7,"-175.02 to -172.42",-8.69,"-8.73 to -8.66",48.07,"47.94 to 48.21","GUCACUG",-63.01,-62.13,-175.02,-172.42,-8.73,-8.66,47.94,48.21,-62.99,-0.175012090923747,-8.71,48.1132674066587
"1 individual fits",-54.05,"-54.17 to -53.91",-154.02,"-154.39 to -153.56",-6.28,"-6.29 to -6.28",40.53,"40.49 to 40.57","AACUAGUU",-54.17,-53.91,-154.39,-153.56,-6.29,-6.28,40.49,40.57,-54.04,-0.15399000483637,-6.28,40.5021208398992
"2 Tm versus ln[Ct]",-53.08,"-53.25 to -52.93",-150.88,"-151.43 to -150.41",-6.28,"-6.29 to -6.28",40.59,"40.55 to 40.63","AACUAGUU",-53.25,-52.93,-151.43,-150.41,-6.29,-6.28,40.55,40.63,-54.04,-0.15399000483637,-6.28,40.5021208398992
"3 Global fit",-53.95,"-54.3 to -53.58",-153.68,"-154.78 to -152.53",-6.28,"-6.3 to -6.26",40.53,"40.43 to 40.63","AACUAGUU",-54.3,-53.58,-154.78,-152.53,-6.3,-6.26,40.43,40.63,-54.04,-0.15399000483637,-6.28,40.5021208398992
"1 individual fits",-57.11,"-57.28 to -56.99",-164.25,"-164.78 to -163.87",-6.17,"-6.17 to -6.16",39.68,"39.63 to 39.74","AAUGCAUU",-57.28,-56.99,-164.78,-163.87,-6.17,-6.16,39.63,39.74,-57.11,-0.16421086571014,-6.18,39.7580960131577
"2 Tm versus ln[Ct]",-60.19,"-60.76 to -59.61",-174.18,"-176 to -172.34",-6.16,"-6.17 to -6.16",39.54,"39.5 to 39.57","AAUGCAUU",-60.76,-59.61,-176,-172.34,-6.17,-6.16,39.5,39.57,-57.11,-0.16421086571014,-6.18,39.7580960131577
"3 Global fit",-57.2,"-58 to -56.5",-164.58,"-167.15 to -162.36",-6.16,"-6.19 to -6.13",39.63,"39.45 to 39.82","AAUGCAUU",-58,-56.5,-167.15,-162.36,-6.19,-6.13,39.45,39.82,-57.11,-0.16421086571014,-6.18,39.7580960131577
"1 individual fits",-66.69,"-67 to -66.5",-181.52,"-182.43 to -180.91",-10.4,"-10.41 to -10.39",56.08,"56.04 to 56.12","ACCUUUGC",-67,-66.5,-182.43,-180.91,-10.41,-10.39,56.04,56.12,-66.9,-0.182298887635015,-10.36,55.8288787784846
"2 Tm versus ln[Ct]",-74.36,"-74.85 to -73.84",-205.16,"-206.67 to -203.61",-10.73,"-10.75 to -10.7",55.54,"55.51 to 55.58","ACCUUUGC",-74.85,-73.84,-206.67,-203.61,-10.75,-10.7,55.51,55.58,-66.9,-0.182298887635015,-10.36,55.8288787784846
"3 Global fit",-66.77,"-67.25 to -66.17",-181.9,"-183.34 to -180.13",-10.35,"-10.39 to -10.3",55.84,"55.71 to 55.94","ACCUUUGC",-67.25,-66.17,-183.34,-180.13,-10.39,-10.3,55.71,55.94,-66.9,-0.182298887635015,-10.36,55.8288787784846
"1 individual fits",-57.33,"-57.47 to -57.11",-162.62,"-163.06 to -161.91",-6.89,"-6.9 to -6.89",43.71,"43.66 to 43.76","ACUAUAGU",-57.47,-57.11,-163.06,-161.91,-6.9,-6.89,43.66,43.76,-57.47,-0.163114621957118,-6.88,43.6332673332113
"2 Tm versus ln[Ct]",-53.86,"-53.97 to -53.74",-151.56,"-151.92 to -151.2",-6.85,"-6.85 to -6.85",43.91,"43.87 to 43.95","ACUAUAGU",-53.97,-53.74,-151.92,-151.2,-6.85,-6.85,43.87,43.95,-57.47,-0.163114621957118,-6.88,43.6332673332113
"3 Global fit",-56.49,"-57.04 to -56.09",-160,"-161.82 to -158.74",-6.86,"-6.89 to -6.84",43.66,"43.49 to 43.83","ACUAUAGU",-57.04,-56.09,-161.82,-158.74,-6.89,-6.84,43.49,43.83,-57.47,-0.163114621957118,-6.88,43.6332673332113
"1 individual fits",-53.94,"-54.06 to -53.81",-153.56,"-153.97 to -153.15",-6.31,"-6.31 to -6.3",40.68,"40.64 to 40.73","ACUUAAGU",-54.06,-53.81,-153.97,-153.15,-6.31,-6.3,40.64,40.73,-54.04,-0.15399000483637,-6.28,40.5021208398992
"2 Tm versus ln[Ct]",-53.03,"-53.34 to -52.82",-150.65,"-151.62 to -149.99",-6.3,"-6.31 to -6.3",40.72,"40.68 to 40.76","ACUUAAGU",-53.34,-52.82,-151.62,-149.99,-6.31,-6.3,40.68,40.76,-54.04,-0.15399000483637,-6.28,40.5021208398992
"3 Global fit",-54.07,"-54.93 to -53.51",-154.06,"-156.89 to -152.2",-6.29,"-6.32 to -6.27",40.57,"40.39 to 40.73","ACUUAAGU",-54.93,-53.51,-156.89,-152.2,-6.32,-6.27,40.39,40.73,-54.04,-0.15399000483637,-6.28,40.5021208398992
"1 individual fits",-71.94,"-72.06 to -71.81",-199.35,"-199.72 to -198.94",-10.11,"-10.12 to -10.11",53.26,"53.23 to 53.28","AGAGAGAG",-72.06,-71.81,-199.72,-198.94,-10.12,-10.11,53.23,53.28,-71.91,-0.199097211026922,-10.16,53.483740300224
"2 Tm versus ln[Ct]",-70.42,"-70.54 to -70.3",-194.63,"-195.01 to -194.26",-10.06,"-10.06 to -10.05",53.34,"53.32 to 53.37","AGAGAGAG",-70.54,-70.3,-195.01,-194.26,-10.06,-10.05,53.32,53.37,-71.91,-0.199097211026922,-10.16,53.483740300224
"3 Global fit",-71.41,"-72.09 to -70.62",-197.62,"-199.69 to -195.19",-10.12,"-10.16 to -10.06",53.41,"53.27 to 53.5","AGAGAGAG",-72.09,-70.62,-199.69,-195.19,-10.16,-10.06,53.27,53.5,-71.91,-0.199097211026922,-10.16,53.483740300224
"1 individual fits",-61.12,"-61.26 to -60.96",-176.21,"-176.67 to -175.72",-6.47,"-6.47 to -6.46",41.06,"41.02 to 41.11","AGAUAUCU",-61.26,-60.96,-176.67,-175.72,-6.47,-6.46,41.02,41.11,-61.24,-0.176559729163308,-6.48,41.1228564210892
"2 Tm versus ln[Ct]",-61.14,"-61.34 to -60.92",-176.27,"-176.92 to -175.57",-6.47,"-6.47 to -6.46",41.06,"41.02 to 41.1","AGAUAUCU",-61.34,-60.92,-176.92,-175.57,-6.47,-6.46,41.02,41.1,-61.24,-0.176559729163308,-6.48,41.1228564210892
"3 Global fit",-60.69,"-61.25 to -60.12",-174.9,"-176.65 to -173.07",-6.45,"-6.48 to -6.42",40.98,"40.86 to 41.11","AGAUAUCU",-61.25,-60.12,-176.65,-173.07,-6.48,-6.42,40.86,41.11,-61.24,-0.176559729163308,-6.48,41.1228564210892
"1 individual fits",-54.13,"-54.28 to -53.99",-154.37,"-154.85 to -153.92",-6.26,"-6.26 to -6.25",40.35,"40.31 to 40.38","AGUUAACU",-54.28,-53.99,-154.85,-153.92,-6.26,-6.25,40.31,40.38,-54.04,-0.153990004836369,-6.28,40.5021208398993
"2 Tm versus ln[Ct]",-52.74,"-52.9 to -52.6",-149.88,"-150.39 to -149.44",-6.25,"-6.26 to -6.25",40.43,"40.39 to 40.46","AGUUAACU",-52.9,-52.6,-150.39,-149.44,-6.26,-6.25,40.39,40.46,-54.04,-0.153990004836369,-6.28,40.5021208398993
"3 Global fit",-54.11,"-54.39 to -53.74",-154.36,"-155.21 to -153.17",-6.24,"-6.26 to -6.22",40.27,"40.15 to 40.38","AGUUAACU",-54.39,-53.74,-155.21,-153.17,-6.26,-6.22,40.15,40.38,-54.04,-0.153990004836369,-6.28,40.5021208398993
"1 individual fits",-56.46,"-56.56 to -56.37",-161.92,"-162.27 to -161.65",-6.24,"-6.24 to -6.23",40.1,"40.05 to 40.15","AUACGUAU",-56.56,-56.37,-162.27,-161.65,-6.24,-6.23,40.05,40.15,-56.53,-0.162340802837337,-6.18,39.7866484401708
"2 Tm versus ln[Ct]",-63.01,"-63.44 to -62.48",-183.07,"-184.46 to -181.38",-6.23,"-6.23 to -6.22",39.73,"39.7 to 39.76","AUACGUAU",-63.44,-62.48,-184.46,-181.38,-6.23,-6.22,39.7,39.76,-56.53,-0.162340802837337,-6.18,39.7866484401708
"3 Global fit",-56.91,"-57.54 to -56.5",-163.52,"-165.54 to -162.25",-6.19,"-6.21 to -6.17",39.83,"39.72 to 39.95","AUACGUAU",-57.54,-56.5,-165.54,-162.25,-6.21,-6.17,39.72,39.95,-56.53,-0.162340802837337,-6.18,39.7866484401708
"1 individual fits",-61.05,"-61.17 to -60.9",-176.05,"-176.4 to -175.54",-6.45,"-6.46 to -6.45",40.99,"40.96 to 41.03","AUCUAGAU",-61.17,-60.9,-176.4,-175.54,-6.46,-6.45,40.96,41.03,-61.24,-0.176559729163308,-6.48,41.1228564210892
"2 Tm versus ln[Ct]",-59.6,"-59.73 to -59.48",-171.39,"-171.79 to -171",-6.45,"-6.45 to -6.44",41.05,"41.02 to 41.08","AUCUAGAU",-59.73,-59.48,-171.79,-171,-6.45,-6.44,41.02,41.08,-61.24,-0.176559729163308,-6.48,41.1228564210892
"3 Global fit",-60.86,"-61.36 to -60.34",-175.36,"-176.97 to -173.73",-6.47,"-6.5 to -6.44",41.11,"40.97 to 41.23","AUCUAGAU",-61.36,-60.34,-176.97,-173.73,-6.5,-6.44,40.97,41.23,-61.24,-0.176559729163308,-6.48,41.1228564210892
"1 individual fits",-69.11,"-69.29 to -68.95",-189.96,"-190.51 to -189.47",-10.19,"-10.2 to -10.18",58.68,"58.65 to 58.71","AUGCGCAU",-69.29,-68.95,-190.51,-189.47,-10.2,-10.18,58.65,58.71,-68.99,-0.189617926809608,-10.18,58.6591703113861
"2 Tm versus ln[Ct]",-71.98,"-72.36 to -71.7",-198.68,"-199.82 to -197.83",-10.36,"-10.38 to -10.34",58.58,"58.55 to 58.61","AUGCGCAU",-72.36,-71.7,-199.82,-197.83,-10.38,-10.34,58.55,58.61,-68.99,-0.189617926809608,-10.18,58.6591703113861
"3 Global fit",-68.84,"-69.56 to -68.41",-189.19,"-191.45 to -187.89",-10.16,"-10.21 to -10.12",58.59,"58.47 to 58.72","AUGCGCAU",-69.56,-68.41,-191.45,-187.89,-10.21,-10.12,58.47,58.72,-68.99,-0.189617926809608,-10.18,58.6591703113861
"1 individual fits",-59.18,"-59.32 to -59.01",-169.2,"-169.62 to -168.67",-6.71,"-6.71 to -6.7",42.49,"42.44 to 42.53","AUGUACAU",-59.32,-59.01,-169.62,-168.67,-6.71,-6.7,42.44,42.53,-59.08,-0.168950507818797,-6.68,42.3584647215444
"2 Tm versus ln[Ct]",-60.77,"-60.97 to -60.47",-174.26,"-174.91 to -173.34",-6.72,"-6.72 to -6.71",42.41,"42.37 to 42.45","AUGUACAU",-60.97,-60.47,-174.91,-173.34,-6.72,-6.71,42.37,42.45,-59.08,-0.168950507818797,-6.68,42.3584647215444
"3 Global fit",-59.03,"-59.57 to -58.47",-168.67,"-170.42 to -166.95",-6.71,"-6.74 to -6.69",42.54,"42.39 to 42.66","AUGUACAU",-59.57,-58.47,-170.42,-166.95,-6.74,-6.69,42.39,42.66,-59.08,-0.168950507818797,-6.68,42.3584647215444
"1 individual fits",-51.57,"-51.81 to -51.32",-151.44,"-152.22 to -150.58",-4.6,"-4.62 to -4.59",25.83,"25.8 to 25.87","CAAAAAAG",-51.81,-51.32,-152.22,-150.58,-4.62,-4.59,25.8,25.87,-51.41,-0.150894728357246,-4.61,25.8281572713627
"2 Tm versus ln[Ct]",-52.84,"-53.62 to -52.42",-155.74,"-158.37 to -154.34",-4.54,"-4.56 to -4.5",25.71,"25.66 to 25.75","CAAAAAAG",-53.62,-52.42,-158.37,-154.34,-4.56,-4.5,25.66,25.75,-51.41,-0.150894728357246,-4.61,25.8281572713627
"3 Global fit",-51.34,"-51.99 to -50.55",-150.68,"-152.84 to -147.96",-4.61,"-4.66 to -4.58",25.83,"25.74 to 25.94","CAAAAAAG",-51.99,-50.55,-152.84,-147.96,-4.66,-4.58,25.74,25.94,-51.41,-0.150894728357246,-4.61,25.8281572713627
"1 individual fits",-71.82,"-72.04 to -71.61",-201.06,"-201.73 to -200.42",-9.46,"-9.47 to -9.45",54.24,"54.21 to 54.27","CAUGCAUG",-72.04,-71.61,-201.73,-200.42,-9.47,-9.45,54.21,54.27,-71.79,-0.200902788973078,-9.48,54.3507911044697
"2 Tm versus ln[Ct]",-72.7,"-72.87 to -72.48",-203.78,"-204.28 to -203.12",-9.5,"-9.51 to -9.49",54.21,"54.18 to 54.23","CAUGCAUG",-72.87,-72.48,-204.28,-203.12,-9.51,-9.49,54.18,54.23,-71.79,-0.200902788973078,-9.48,54.3507911044697
"3 Global fit",-71.93,"-72.72 to -71.29",-201.36,"-203.79 to -199.39",-9.48,"-9.51 to -9.44",54.3,"54.15 to 54.41","CAUGCAUG",-72.72,-71.29,-203.79,-199.39,-9.51,-9.44,54.15,54.41,-71.79,-0.200902788973078,-9.48,54.3507911044697
"1 individual fits",-77.41,"-77.61 to -77.22",-208.93,"-209.56 to -208.37",-12.61,"-12.62 to -12.59",63.42,"63.38 to 63.46","CGACGCAG",-77.61,-77.22,-209.56,-208.37,-12.62,-12.59,63.38,63.46,-77.31,-0.208608737707561,-12.61,63.4687218273399
"2 Tm versus ln[Ct]",-80.64,"-81.06 to -80.23",-218.65,"-219.92 to -217.45",-12.82,"-12.85 to -12.8",63.26,"63.22 to 63.29","CGACGCAG",-81.06,-80.23,-219.92,-217.45,-12.85,-12.8,63.22,63.29,-77.31,-0.208608737707561,-12.61,63.4687218273399
"3 Global fit",-77.23,"-77.76 to -76.82",-208.44,"-210.08 to -207.24",-12.58,"-12.61 to -12.54",63.35,"63.26 to 63.42","CGACGCAG",-77.76,-76.82,-210.08,-207.24,-12.61,-12.54,63.26,63.42,-77.31,-0.208608737707561,-12.61,63.4687218273399
"1 individual fits",-73.31,"-73.41 to -73.15",-198.12,"-198.42 to -197.66",-11.86,"-11.87 to -11.85",61.32,"61.3 to 61.36","CUCGCACA",-73.41,-73.15,-198.42,-197.66,-11.87,-11.85,61.3,61.36,-73.39,-0.19838787683379,-11.86,61.2838200808384
"2 Tm versus ln[Ct]",-72.93,"-73.08 to -72.81",-196.99,"-197.43 to -196.62",-11.84,"-11.85 to -11.83",61.33,"61.3 to 61.37","CUCGCACA",-73.08,-72.81,-197.43,-196.62,-11.85,-11.83,61.3,61.37,-73.39,-0.19838787683379,-11.86,61.2838200808384
"3 Global fit",-72.96,"-73.33 to -72.67",-197.1,"-198.17 to -196.27",-11.83,"-11.87 to -11.79",61.27,"61.18 to 61.36","CUCGCACA",-73.33,-72.67,-198.17,-196.27,-11.87,-11.79,61.18,61.36,-73.39,-0.19838787683379,-11.86,61.2838200808384
"1 individual fits",-68.57,"-68.78 to -68.43",-194.44,"-195.1 to -193.99",-8.27,"-8.27 to -8.26",49.17,"49.14 to 49.21","GAACGUUC",-68.78,-68.43,-195.1,-193.99,-8.27,-8.26,49.14,49.21,-68.35,-0.193680477188457,-8.28,49.2811117879664
"2 Tm versus ln[Ct]",-71.02,"-71.19 to -70.82",-202.1,"-202.62 to -201.47",-8.34,"-8.35 to -8.33",49.09,"49.06 to 49.12","GAACGUUC",-71.19,-70.82,-202.62,-201.47,-8.35,-8.33,49.06,49.12,-68.35,-0.193680477188457,-8.28,49.2811117879664
"3 Global fit",-69.39,"-70.52 to -68.53",-196.97,"-200.42 to -194.36",-8.3,"-8.36 to -8.25",49.2,"49.02 to 49.38","GAACGUUC",-70.52,-68.53,-200.42,-194.36,-8.36,-8.25,49.02,49.38,-68.35,-0.193680477188457,-8.28,49.2811117879664
"1 individual fits",-64.85,"-65.01 to -64.7",-191.05,"-191.57 to -190.58",-5.59,"-5.59 to -5.59",36.59,"36.57 to 36.63","GAUAUAUC",-65.01,-64.7,-191.57,-190.58,-5.59,-5.59,36.57,36.63,-64.79,-0.190907625342576,-5.58,36.5382169722579
"2 Tm versus ln[Ct]",-62.53,"-62.71 to -62.32",-183.49,"-184.09 to -182.82",-5.62,"-5.62 to -5.61",36.7,"36.67 to 36.73","GAUAUAUC",-62.71,-62.32,-184.09,-182.82,-5.62,-5.61,36.67,36.73,-64.79,-0.190907625342576,-5.58,36.5382169722579
"3 Global fit",-64.29,"-64.88 to -63.74",-189.18,"-191.22 to -187.41",-5.61,"-5.64 to -5.58",36.69,"36.54 to 36.82","GAUAUAUC",-64.88,-63.74,-191.22,-187.41,-5.64,-5.58,36.54,36.82,-64.79,-0.190907625342576,-5.58,36.5382169722579
"1 individual fits",-75.92,"-76.06 to -75.77",-214.05,"-214.5 to -213.61",-9.53,"-9.54 to -9.52",53.58,"53.54 to 53.61","GAUGCAUC",-76.06,-75.77,-214.5,-213.61,-9.54,-9.52,53.54,53.61,-75.79,-0.213799774302757,-9.48,53.3866789648222
"2 Tm versus ln[Ct]",-78.54,"-78.81 to -78.18",-222.15,"-222.98 to -221.03",-9.64,"-9.66 to -9.62",53.49,"53.47 to 53.52","GAUGCAUC",-78.81,-78.18,-222.98,-221.03,-9.66,-9.62,53.47,53.52,-75.79,-0.213799774302757,-9.48,53.3866789648222
"3 Global fit",-76.14,"-76.57 to -75.6",-214.86,"-216.17 to -213.19",-9.5,"-9.54 to -9.47",53.39,"53.32 to 53.51","GAUGCAUC",-76.57,-75.6,-216.17,-213.19,-9.54,-9.47,53.32,53.51,-75.79,-0.213799774302757,-9.48,53.3866789648222
"1 individual fits",-67.88,"-68.06 to -67.7",-185.57,"-186.1 to -185.02",-10.33,"-10.34 to -10.32",55.39,"55.35 to 55.43","GGCUUCAA",-68.06,-67.7,-186.1,-185.02,-10.34,-10.32,55.35,55.43,-67.94,-0.185974528453974,-10.26,55.0115748649297
"2 Tm versus ln[Ct]",-76.38,"-76.57 to -76.14",-211.83,"-212.41 to -211.08",-10.68,"-10.69 to -10.67",54.82,"54.79 to 54.87","GGCUUCAA",-76.57,-76.14,-212.41,-211.08,-10.69,-10.67,54.79,54.87,-67.94,-0.185974528453974,-10.26,55.0115748649297
"3 Global fit",-68.88,"-69.72 to -68.36",-188.8,"-191.29 to -187.24",-10.32,"-10.38 to -10.28",55.06,"54.98 to 55.18","GGCUUCAA",-69.72,-68.36,-191.29,-187.24,-10.38,-10.28,54.98,55.18,-67.94,-0.185974528453974,-10.26,55.0115748649297
"1 individual fits",-61.02,"-61.18 to -60.85",-177.39,"-177.93 to -176.85",-6,"-6.01 to -5.99",38.65,"38.61 to 38.7","GUAUAUAC",-61.18,-60.85,-177.93,-176.85,-6.01,-5.99,38.61,38.7,-61.02,-0.177462518136386,-5.98,38.5497648030712
"2 Tm versus ln[Ct]",-63.63,"-64.02 to -63.16",-185.84,"-187.1 to -184.34",-5.99,"-5.99 to -5.98",38.53,"38.49 to 38.57","GUAUAUAC",-64.02,-63.16,-187.1,-184.34,-5.99,-5.98,38.49,38.57,-61.02,-0.177462518136386,-5.98,38.5497648030712
"3 Global fit",-60.94,"-61.52 to -60.52",-177.27,"-179.12 to -175.93",-5.96,"-5.98 to -5.94",38.43,"38.33 to 38.55","GUAUAUAC",-61.52,-60.52,-179.12,-175.93,-5.98,-5.94,38.33,38.55,-61.02,-0.177462518136386,-5.98,38.5497648030712
"1 individual fits",-72.73,"-73.04 to -72.4",-203.58,"-204.53 to -202.59",-9.59,"-9.6 to -9.57",54.62,"54.59 to 54.65","GUCUAGAC",-73.04,-72.4,-204.53,-202.59,-9.6,-9.57,54.59,54.65,-72.72,-0.203578913428986,-9.58,54.5922131016759
"2 Tm versus ln[Ct]",-74.46,"-74.9 to -73.99",-208.9,"-210.24 to -207.46",-9.67,"-9.69 to -9.64",54.55,"54.52 to 54.58","GUCUAGAC",-74.9,-73.99,-210.24,-207.46,-9.69,-9.64,54.52,54.58,-72.72,-0.203578913428986,-9.58,54.5922131016759
"3 Global fit",-73.78,"-74.25 to -72.77",-206.88,"-208.29 to -203.65",-9.62,"-9.65 to -9.58",54.51,"54.38 to 54.67","GUCUAGAC",-74.25,-72.77,-208.29,-203.65,-9.65,-9.58,54.38,54.67,-72.72,-0.203578913428986,-9.58,54.5922131016759
"1 individual fits",-68.56,"-68.76 to -68.38",-194.33,"-194.94 to -193.78",-8.29,"-8.3 to -8.28",49.29,"49.26 to 49.32","GUUCGAAC",-68.76,-68.38,-194.94,-193.78,-8.3,-8.28,49.26,49.32,-68.35,-0.193680477188457,-8.28,49.2811117879664
"2 Tm versus ln[Ct]",-69.01,"-69.21 to -68.79",-195.72,"-196.35 to -195.05",-8.31,"-8.31 to -8.3",49.28,"49.25 to 49.31","GUUCGAAC",-69.21,-68.79,-196.35,-195.05,-8.31,-8.3,49.25,49.31,-68.35,-0.193680477188457,-8.28,49.2811117879664
"3 Global fit",-68.34,"-69.16 to -67.89",-193.68,"-196.25 to -192.28",-8.27,"-8.29 to -8.25",49.23,"49.11 to 49.32","GUUCGAAC",-69.16,-67.89,-196.25,-192.28,-8.29,-8.25,49.11,49.32,-68.35,-0.193680477188457,-8.28,49.2811117879664
"1 individual fits",-59.67,"-59.91 to -59.41",-170.54,"-171.31 to -169.72",-6.77,"-6.78 to -6.77",42.81,"42.77 to 42.85","UAGAUCUA",-59.91,-59.41,-171.31,-169.72,-6.78,-6.77,42.77,42.85,-59.55,-0.170465903595035,-6.68,42.3154480818629
"2 Tm versus ln[Ct]",-67.26,"-67.63 to -66.94",-194.82,"-195.98 to -193.82",-6.83,"-6.84 to -6.83",42.43,"42.4 to 42.46","UAGAUCUA",-67.63,-66.94,-195.98,-193.82,-6.84,-6.83,42.4,42.46,-59.55,-0.170465903595035,-6.68,42.3154480818629
"3 Global fit",-59.38,"-59.95 to -58.65",-169.93,"-171.7 to -167.65",-6.68,"-6.71 to -6.65",42.33,"42.19 to 42.49","UAGAUCUA",-59.95,-58.65,-171.7,-167.65,-6.71,-6.65,42.19,42.49,-59.55,-0.170465903595035,-6.68,42.3154480818629
"1 individual fits",-58.78,"-58.88 to -58.63",-167.05,"-167.37 to -166.56",-6.97,"-6.98 to -6.97",43.99,"43.95 to 44.03","UAUGCAUA",-58.88,-58.63,-167.37,-166.56,-6.98,-6.97,43.95,44.03,-58.85,-0.167241657262615,-6.98,44.0246790581523
"2 Tm versus ln[Ct]",-56.02,"-56.15 to -55.9",-158.28,"-158.68 to -157.9",-6.93,"-6.94 to -6.93",44.11,"44.07 to 44.15","UAUGCAUA",-56.15,-55.9,-158.68,-157.9,-6.94,-6.93,44.07,44.15,-58.85,-0.167241657262615,-6.98,44.0246790581523
"3 Global fit",-58.29,"-58.7 to -57.94",-165.4,"-166.67 to -164.32",-6.99,"-7.01 to -6.96",44.14,"44.01 to 44.24","UAUGCAUA",-58.7,-57.94,-166.67,-164.32,-7.01,-6.96,44.01,44.24,-58.85,-0.167241657262615,-6.98,44.0246790581523
"1 individual fits",-67.71,"-67.82 to -67.55",-182.95,"-183.27 to -182.44",-10.97,"-10.98 to -10.96",58.77,"58.73 to 58.8","UCCUUGCA",-67.82,-67.55,-183.27,-182.44,-10.98,-10.96,58.73,58.8,-67.84,-0.183233919071417,-11.01,58.9244272798138
"2 Tm versus ln[Ct]",-64.96,"-65.07 to -64.87",-174.54,"-174.89 to -174.27",-10.82,"-10.83 to -10.82",58.95,"58.93 to 58.98","UCCUUGCA",-65.07,-64.87,-174.89,-174.27,-10.83,-10.82,58.93,58.98,-67.84,-0.183233919071417,-11.01,58.9244272798138
"3 Global fit",-66.86,"-67.78 to -66.06",-180.37,"-183.14 to -177.98",-10.92,"-10.98 to -10.86",58.78,"58.62 to 58.92","UCCUUGCA",-67.78,-66.06,-183.14,-177.98,-10.98,-10.86,58.62,58.92,-67.84,-0.183233919071417,-11.01,58.9244272798138
"1 individual fits",-59.55,"-59.7 to -59.34",-170.49,"-170.96 to -169.83",-6.67,"-6.67 to -6.67",42.27,"42.24 to 42.31","UCUAUAGA",-59.7,-59.34,-170.96,-169.83,-6.67,-6.67,42.24,42.31,-59.55,-0.170465903595035,-6.68,42.3154480818629
"2 Tm versus ln[Ct]",-59.54,"-59.7 to -59.33",-170.45,"-170.98 to -169.79",-6.67,"-6.68 to -6.67",42.27,"42.24 to 42.3","UCUAUAGA",-59.7,-59.33,-170.98,-169.79,-6.68,-6.67,42.24,42.3,-59.55,-0.170465903595035,-6.68,42.3154480818629
"3 Global fit",-59.38,"-60.13 to -58.84",-169.87,"-172.27 to -168.17",-6.7,"-6.72 to -6.67",42.42,"42.25 to 42.53","UCUAUAGA",-60.13,-58.84,-172.27,-168.17,-6.72,-6.67,42.25,42.53,-59.55,-0.170465903595035,-6.68,42.3154480818629
"1 individual fits",-69.98,"-70.65 to -69.57",-190.02,"-192.11 to -188.77",-11.04,"-11.06 to -11.02",58.38,"58.24 to 58.44","UGACCUCA",-70.65,-69.57,-192.11,-188.77,-11.06,-11.02,58.24,58.44,-69.98,-0.190133806222795,-11.01,58.2081289536393
"2 Tm versus ln[Ct]",-72.72,"-73.23 to -71.86",-198.42,"-199.96 to -195.8",-11.18,"-11.21 to -11.13",58.2,"58.16 to 58.24","UGACCUCA",-73.23,-71.86,-199.96,-195.8,-11.21,-11.13,58.16,58.24,-69.98,-0.190133806222795,-11.01,58.2081289536393
"3 Global fit",-69.96,"-71.14 to -68.98",-190.15,"-193.83 to -187.13",-10.99,"-11.03 to -10.95",58.1,"57.88 to 58.29","UGACCUCA",-71.14,-68.98,-193.83,-187.13,-11.03,-10.95,57.88,58.29,-69.98,-0.190133806222795,-11.01,58.2081289536393
"1 individual fits",-65.08,"-65.23 to -64.95",-178.97,"-179.44 to -178.58",-9.57,"-9.58 to -9.56",56.72,"56.69 to 56.76","UUCCGGAA",-65.23,-64.95,-179.44,-178.58,-9.58,-9.56,56.69,56.76,-64.89,-0.178333064646139,-9.58,56.8508569088418
"2 Tm versus ln[Ct]",-63.91,"-64.18 to -63.68",-175.41,"-176.26 to -174.72",-9.51,"-9.52 to -9.49",56.77,"56.73 to 56.81","UUCCGGAA",-64.18,-63.68,-176.26,-174.72,-9.52,-9.49,56.73,56.81,-64.89,-0.178333064646139,-9.58,56.8508569088418
"3 Global fit",-64.43,"-64.84 to -64.2",-176.96,"-178.26 to -176.26",-9.54,"-9.56 to -9.53",56.79,"56.7 to 56.88","UUCCGGAA",-64.84,-64.2,-178.26,-176.26,-9.56,-9.53,56.7,56.88,-64.89,-0.178333064646139,-9.58,56.8508569088418
"1 individual fits",-63.95,"-64.1 to -63.81",-174.63,"-175.08 to -174.19",-9.79,"-9.81 to -9.78",58.33,"58.29 to 58.37","UUGCGCAA",-64.1,-63.81,-175.08,-174.19,-9.81,-9.78,58.29,58.37,-63.87,-0.174399484120587,-9.78,58.2939376807145
"2 Tm versus ln[Ct]",-64,"-64.14 to -63.85",-174.75,"-175.19 to -174.3",-9.8,"-9.81 to -9.79",58.34,"58.3 to 58.37","UUGCGCAA",-64.14,-63.85,-175.19,-174.3,-9.81,-9.79,58.3,58.37,-63.87,-0.174399484120587,-9.78,58.2939376807145
"3 Global fit",-64.12,"-64.33 to -63.8",-175.17,"-175.78 to -174.16",-9.79,"-9.8 to -9.77",58.26,"58.2 to 58.32","UUGCGCAA",-64.33,-63.8,-175.78,-174.16,-9.8,-9.77,58.2,58.32,-63.87,-0.174399484120587,-9.78,58.2939376807145
"1 individual fits",-65.25,"-65.48 to -65.01",-176.06,"-176.72 to -175.33",-10.65,"-10.66 to -10.62",62.57,"62.52 to 62.61","UUGGCCAA",-65.48,-65.01,-176.72,-175.33,-10.66,-10.62,62.52,62.61,-65.13,-0.1758826374335,-10.58,62.2510720667597
"2 Tm versus ln[Ct]",-65.28,"-65.5 to -64.98",-176.14,"-176.8 to -175.28",-10.65,"-10.66 to -10.62",62.56,"62.52 to 62.61","UUGGCCAA",-65.5,-64.98,-176.8,-175.28,-10.66,-10.62,62.52,62.61,-65.13,-0.1758826374335,-10.58,62.2510720667597
"3 Global fit",-65.18,"-65.81 to -64.37",-176.02,"-177.81 to -173.64",-10.59,"-10.65 to -10.52",62.27,"62.13 to 62.48","UUGGCCAA",-65.81,-64.37,-177.81,-173.64,-10.65,-10.52,62.13,62.48,-65.13,-0.1758826374335,-10.58,62.2510720667597
"1 individual fits",-54.03,"-54.17 to -53.91",-153.99,"-154.41 to -153.61",-6.27,"-6.28 to -6.27",40.47,"40.43 to 40.51","UUGUACAA",-54.17,-53.91,-154.41,-153.61,-6.28,-6.27,40.43,40.51,-53.96,-0.153732065129776,-6.28,40.5073717294919
"2 Tm versus ln[Ct]",-54.71,"-54.86 to -54.55",-156.17,"-156.67 to -155.66",-6.27,"-6.28 to -6.27",40.42,"40.38 to 40.46","UUGUACAA",-54.86,-54.55,-156.67,-155.66,-6.28,-6.27,40.38,40.46,-53.96,-0.153732065129776,-6.28,40.5073717294919
"3 Global fit",-54.28,"-54.67 to -54.05",-154.83,"-156.1 to -154.05",-6.26,"-6.27 to -6.25",40.38,"40.29 to 40.46","UUGUACAA",-54.67,-54.05,-156.1,-154.05,-6.27,-6.25,40.29,40.46,-53.96,-0.153732065129776,-6.28,40.5073717294919
"1 individual fits",-58.22,"-58.43 to -58.04",-170.02,"-170.71 to -169.4",-5.49,"-5.5 to -5.48",31.55,"31.5 to 31.59","CAAAAAAAG",-58.43,-58.04,-170.71,-169.4,-5.5,-5.48,31.5,31.59,-58.23,-0.169982266645172,-5.51,31.6554372299913
"2 Tm versus ln[Ct]",-59.15,"-59.38 to -58.93",-173.13,"-173.86 to -172.41",-5.46,"-5.46 to -5.45",31.46,"31.42 to 31.5","CAAAAAAAG",-59.38,-58.93,-173.86,-172.41,-5.46,-5.45,31.42,31.5,-58.23,-0.169982266645172,-5.51,31.6554372299913
"3 Global fit",-58.2,"-58.67 to -57.84",-169.94,"-171.47 to -168.8",-5.49,"-5.51 to -5.47",31.56,"31.44 to 31.68","CAAAAAAAG",-58.67,-57.84,-171.47,-168.8,-5.51,-5.47,31.44,31.68,-58.23,-0.169982266645172,-5.51,31.6554372299913
"1 individual fits",-81.21,"-81.44 to -80.94",-220.42,"-221.09 to -219.61",-12.85,"-12.87 to -12.83",63.17,"63.14 to 63.21","AAGGUUGGAA",-81.44,-80.94,-221.09,-219.61,-12.87,-12.83,63.14,63.21,-80.95,-0.219700145091085,-12.81,63.0800516143636
"2 Tm versus ln[Ct]",-81.39,"-81.64 to -81.08",-220.94,"-221.69 to -219.99",-12.86,"-12.88 to -12.85",63.16,"63.13 to 63.21","AAGGUUGGAA",-81.64,-81.08,-221.69,-219.99,-12.88,-12.85,63.13,63.21,-80.95,-0.219700145091085,-12.81,63.0800516143636
"3 Global fit",-81.45,"-81.82 to -81.1",-221.16,"-222.28 to -220.06",-12.85,"-12.88 to -12.83",63.11,"63.05 to 63.19","AAGGUUGGAA",-81.82,-81.1,-222.28,-220.06,-12.88,-12.83,63.05,63.19,-80.95,-0.219700145091085,-12.81,63.0800516143636
"1 individual fits",-56.21,"-56.37 to -55.96",-160.78,"-161.25 to -160.08",-6.37,"-6.39 to -6.34",76.45,"76.41 to 76.48","GGACUUCGGUCC",-56.37,-55.96,-161.25,-160.08,-6.39,-6.34,76.41,76.48,-55.9,-159.9,-6.3,76.4434959349593
"2 Tm versus ln[Ct]",NA,"NA to NA",NA,"NA to NA",NA,"NA to NA",NA,"NA to NA","GGACUUCGGUCC",NA,NA,NA,NA,NA,NA,NA,NA,-55.9,-159.9,-6.3,76.4434959349593
"3 Global fit",-56,"-56.08 to -55.93",-160.18,"-160.42 to -160",-6.32,"-6.33 to -6.31",76.43,"76.39 to 76.46","GGACUUCGGUCC",-56.08,-55.93,-160.42,-160,-6.33,-6.31,76.39,76.46,-55.9,-159.9,-6.3,76.4434959349593
"1 individual fits",-44.3,"-44.41 to -44.17",-128.87,"-129.19 to -128.52",-4.35,"-4.36 to -4.33",70.58,"70.52 to 70.64","GGACUUUGGUCC",-44.41,-44.17,-129.19,-128.52,-4.36,-4.33,70.52,70.64,-44,-128,-4.2,70.6
"2 Tm versus ln[Ct]",NA,"NA to NA",NA,"NA to NA",NA,"NA to NA",NA,"NA to NA","GGACUUUGGUCC",NA,NA,NA,NA,NA,NA,NA,NA,-44,-128,-4.2,70.6
"3 Global fit",-44.06,"-44.17 to -43.98",-128.17,"-128.48 to -127.95",-4.31,"-4.32 to -4.3",70.6,"70.55 to 70.64","GGACUUUGGUCC",-44.17,-43.98,-128.48,-127.95,-4.32,-4.3,70.55,70.64,-44,-128,-4.2,70.6
"1 individual fits",-44.31,"-44.45 to -44.21",-129.32,"-129.74 to -129.03",-4.22,"-4.23 to -4.21",69.46,"69.42 to 69.51","GGACUUUUGUCC",-44.45,-44.21,-129.74,-129.03,-4.23,-4.21,69.42,69.51,-44.3,-129.3,-4.2,69.4640757927301
"2 Tm versus ln[Ct]",NA,"NA to NA",NA,"NA to NA",NA,"NA to NA",NA,"NA to NA","GGACUUUUGUCC",NA,NA,NA,NA,NA,NA,NA,NA,-44.3,-129.3,-4.2,69.4640757927301
"3 Global fit",-44.28,"-44.36 to -44.25",-129.26,"-129.47 to -129.15",-4.19,"-4.2 to -4.19",69.45,"69.42 to 69.49","GGACUUUUGUCC",-44.36,-44.25,-129.47,-129.15,-4.2,-4.19,69.42,69.49,-44.3,-129.3,-4.2,69.4640757927301
"1 individual fits",-44.79,"-44.92 to -44.69",-131.39,"-131.78 to -131.07",-4.06,"-4.07 to -4.05",67.77,"67.73 to 67.82","GGAGUUCGCUCC",-44.92,-44.69,-131.78,-131.07,-4.07,-4.05,67.73,67.82,-44.8,-131.4,-4,67.7936834094368
"2 Tm versus ln[Ct]",NA,"NA to NA",NA,"NA to NA",NA,"NA to NA",NA,"NA to NA","GGAGUUCGCUCC",NA,NA,NA,NA,NA,NA,NA,NA,-44.8,-131.4,-4,67.7936834094368
"3 Global fit",-44.76,"-44.82 to -44.7",-131.28,"-131.46 to -131.11",-4.04,"-4.05 to -4.04",67.79,"67.75 to 67.83","GGAGUUCGCUCC",-44.82,-44.7,-131.46,-131.11,-4.05,-4.04,67.75,67.83,-44.8,-131.4,-4,67.7936834094368
"1 individual fits",-45.15,"-45.25 to -45.05",-131.25,"-131.52 to -130.92",-4.47,"-4.48 to -4.46",70.89,"70.85 to 70.94","GGACGCUUGUCC",-45.25,-45.05,-131.52,-130.92,-4.48,-4.46,70.85,70.94,-45,-130.8,-4.4,70.8866972477064
"2 Tm versus ln[Ct]",NA,"NA to NA",NA,"NA to NA",NA,"NA to NA",NA,"NA to NA","GGACGCUUGUCC",NA,NA,NA,NA,NA,NA,NA,NA,-45,-130.8,-4.4,70.8866972477064
"3 Global fit",-45.09,"-45.15 to -45.04",-131.05,"-131.22 to -130.93",-4.44,"-4.45 to -4.44",70.88,"70.84 to 70.92","GGACGCUUGUCC",-45.15,-45.04,-131.22,-130.93,-4.45,-4.44,70.84,70.92,-45,-130.8,-4.4,70.8866972477064
"1 individual fits",-53.56,"-53.7 to -53.46",-154.4,"-154.78 to -154.09",-5.7,"-5.71 to -5.69",73.76,"73.73 to 73.8","GGACUACGGUCC",-53.7,-53.46,-154.78,-154.09,-5.71,-5.69,73.73,73.8,-53.6,-154.5,-5.7,73.7755663430421
"2 Tm versus ln[Ct]",NA,"NA to NA",NA,"NA to NA",NA,"NA to NA",NA,"NA to NA","GGACUACGGUCC",NA,NA,NA,NA,NA,NA,NA,NA,-53.6,-154.5,-5.7,73.7755663430421
"3 Global fit",-53.52,"-53.59 to -53.45",-154.28,"-154.46 to -154.06",-5.67,"-5.68 to -5.67",73.78,"73.74 to 73.81","GGACUACGGUCC",-53.59,-53.45,-154.46,-154.06,-5.68,-5.67,73.74,73.81,-53.6,-154.5,-5.7,73.7755663430421
