"Helix","H3","H.MW1","S3","S.MW1","G3","G.MW1","Tm3","Tm.MW1","pH","pS","pG","pTm"
"ACCGGU","-56.02 (-60.26 to -52.03)","-54.1 (±4)","-157.79 (-171.58 to -145.11)","-151.5 (±12.4)","-7.08 (-7.18 to -6.97)","-7.11 (±0.2)","44.96 (44.16 to 45.61)","45.4",3.4871049763894,4.06738012868182,0.422832980972519,0.973882248782642
"AGCCGGCU","-79.78 (-82.1 to -77.64)","-86.3 (±6.4)","-212.56 (-219.55 to -206.05)","-233.4 (±18.9)","-13.86 (-14.06 to -13.61)","-13.94 (±0.57)","72.43 (71.84 to 72.93)","69.8",7.85163776493256,9.34612969773074,0.575539568345324,3.69823525275963
"CCAUGG","-59.8 (-60.95 to -58.83)","-60.4 (±2)","-170.87 (-174.5 to -167.85)","-173.6 (±6.4)","-6.8 (-6.83 to -6.77)","-6.52 (±0.05)","42.93 (42.84 to 43)","41.4",0.998336106489187,1.58504369030684,4.20420420420421,3.62860192102455
"CGAAAGGU/ACCUUUCG","-67.31 (-69.2 to -65.99)","-67.02 (±3.025)","-185.64 (-191.52 to -181.51)","-184.51 (±9.497)","-9.73 (-9.83 to -9.65)","-9.8 (±0.087)","52.49 (52.25 to 52.76)","52.9",0.431772500558336,0.610563285154665,0.716845878136204,0.7780624347661
"CGAGGUAAGCUCG","-35.26 (-38.49 to -33.2)","-35.7 (±2.2)","-106.54 (-115.95 to -100.55)","-107.2 (±7)","-2.21 (-2.52 to -2.02)","-2.48 (±0.13)","57.87 (56.91 to 58.87)","60.2",1.24013528748592,0.617572751941608,11.5138592750533,3.94681121368681
"CGCGCG","-57.01 (-58.31 to -55.94)","-55.6 (±1.3)","-157.3 (-161.21 to -153.98)","-153.9 (±4.3)","-8.23 (-8.31 to -8.13)","-7.85 (±0.17)","51.52 (51.11 to 51.79)","49.6",2.50421809785986,2.18508997429306,4.72636815920399,3.79746835443038
"CGUGUUCGUCACG","-45.15 (-46.55 to -41.93)","-44 (±4.2)","-135.36 (-139.57 to -125.54)","-131.4 (±13.8)","-3.17 (-3.27 to -3)","-3.23 (±0.11)","60.36 (60.17 to 60.54)","61.6",2.57992148065059,2.96896086369771,1.875,2.03345359134143
"CGUUGC/GCAACG","-51.58 (-53.94 to -49.84)","-51.06 (±3.567)","-143.54 (-150.89 to -137.96)","-141.39 (±11.476)","-7.06 (-7.14 to -6.98)","-7.21 (±0.087)","40.2 (39.74 to 40.53)","41.2",1.0132501948558,1.5091425964272,2.10231254379818,2.45700245700246
"CUGAGUC/GACUCAG","-63.39 (-63.99 to -62.76)","-63.32 (±1.928)","-175.12 (-176.85 to -173.21)","-174.65 (±6.191)","-9.08 (-9.14 to -9.03)","-9.15 (±0.03)","49.99 (49.76 to 50.21)","50.4",0.11048851708626,0.26874803442262,0.767964893033464,0.816814423747378
"FAMCGAAAGGU/ACCUUUCGBHQ1","-80.95 (-84.88 to -78.39)","-81.12 (±1.583)","-217.54 (-229.42 to -210.02)","-217.61 (±5.076)","-13.47 (-13.75 to -13.26)","-13.63 (±0.092)","66.1 (65.56 to 66.59)","66.7",0.209785894983651,0.0321728139722034,1.18081180811808,0.903614457831338
"FAMCGUUGC/GCAACGBHQ1","-59.81 (-61.66 to -56.5)","-61.47 (±3.4)","-160.11 (-165.64 to -150.02)","-164.74 (±10.499)","-10.16 (-10.3 to -9.94)","-10.38 (±0.163)","57 (56.71 to 57.27)","57.7",2.73746701846965,2.85054640603355,2.14216163583253,1.22057541412381
"FAMCUGAGUC/GACUCAGBHQ1","-75.3 (-76.97 to -73.02)","-74.43 (±2.316)","-200.13 (-205.13 to -193.42)","-197.46 (±6.709)","-13.23 (-13.41 to -13.03)","-13.19 (±0.275)","67.29 (66.96 to 67.7)","67.5",1.16209176517731,1.34309213008375,0.302800908402732,0.311595815713323
"GACGCUCAACGUC","-37.53 (-40.28 to -34.97)","-32.7 (±4.4)","-112.42 (-121.01 to -104.76)","-99.2 (±14.2)","-2.66 (-2.8 to -2.47)","-1.92 (±0.08)","61.44 (60.86 to 61.86)","56.3",13.754805638616,12.4940931858993,32.3144104803494,8.73110242908103
"GAUAUAUC","-72.85 (-75.31 to -71.32)","-74.2 (±4.4)","-217.45 (-225.37 to -212.7)","-221.7 (±14.2)","-5.4 (-5.45 to -5.34)","-5.41 (±0.06)","35.84 (35.57 to 36.05)","35.9",1.83611016661001,1.93555732665376,0.185013876040699,0.16727069974908
"GCAAUUGC","-80.9 (-84.66 to -78.78)","-79.4 (±3.8)","-232.68 (-244.38 to -226.16)","-229.8 (±11.9)","-8.73 (-8.86 to -8.63)","-8.15 (±0.12)","49.19 (49.1 to 49.25)","47",1.87149095446039,1.24545926310327,6.87203791469194,4.5534878885539
"GCACUGUUCGUGC","-42.51 (-45.09 to -40.63)","-44.2 (±2.9)","-125.47 (-133.08 to -119.75)","-130.7 (±9.4)","-3.59 (-3.83 to -3.39)","-3.67 (±0.05)","66.06 (65.89 to 66.25)","65.1",3.89805097451275,4.08322598274583,2.2038567493113,1.46386093321136
"GCCGUGAGGC","-39.57 (-42.39 to -37.97)","-38.3 (±1.8)","-115.33 (-123.96 to -110.61)","-111.5 (±5.5)","-3.8 (-4.01 to -3.66)","-3.73 (±0.16)","70.29 (69.93 to 70.7)","70.5",3.2618466675228,3.37697835383327,1.85922974767596,0.298316641806938
"GCCGUUUCGGC","-45.89 (-49.57 to -38.95)","-43.4 (±3.5)","-133.82 (-144.28 to -115.09)","-125.7 (±10.7)","-4.38 (-4.82 to -3.22)","-4.4 (±0.17)","71.09 (69.5 to 71.79)","72",5.57733228805018,6.25770653514179,0.455580865603655,1.2719267593822
"GCCUAACGGC","-31.54 (-33.9 to -28.93)","-32.8 (±1.4)","-93.03 (-100.3 to -85.34)","-96.5 (±4.3)","-2.68 (-2.8 to -2.46)","-2.88 (±0.12)","66.04 (65.5 to 66.65)","66.8",3.91669257071805,3.66168944230465,7.19424460431654,1.14423366455885
"GCCUUUUAGGC","-37.01 (-40.2 to -32.91)","-36.2 (±1.8)","-107.79 (-117.05 to -95.91)","-105.6 (±5.4)","-3.58 (-3.92 to -3.14)","-3.45 (±0.15)","71.11 (70.74 to 71.56)","69.7",2.21281245731456,2.05257978349502,3.69843527738264,2.00269867196932
"GCGGCAACGC","-36.26 (-40.51 to -34.08)","-34.4 (±2.9)","-109.68 (-122.98 to -102.96)","-103.5 (±8.6)","-2.25 (-2.4 to -2.14)","-2.25 (±0.27)","58.03 (57.42 to 58.49)","58.8",5.26464760826493,5.79791725302562,0,1.31815458358298
"GCUGAAAGGC","-37.13 (-40.81 to -34.19)","-34.1 (±3.8)","-115.2 (-126.82 to -105.97)","-105.7 (±12.2)","-1.4 (-1.5 to -1.28)","-1.3 (±0.05)","49.52 (47.92 to 50.22)","49.3",8.50765127053208,8.60117700316886,7.4074074074074,0.445253997166578
"GCUGAGAGGC","-36.39 (-42.17 to -32.07)","-35.1 (±3.4)","-113.68 (-132.03 to -99.96)","-109.9 (±10.9)","-1.14 (-1.22 to -1.07)","-1.27 (±0.07)","47.99 (47.45 to 48.52)","48.6",3.60889634913974,3.38134001252348,10.7883817427386,1.26307071125375
"GGCAAAAUGCC","-31.95 (-36.1 to -29.03)","-30 (±2.2)","-95.61 (-108.68 to -86.4)","-89.2 (±6.6)","-2.3 (-2.41 to -2.22)","-2.36 (±0.17)","61.96 (60.38 to 63.25)","63.5",6.2953995157385,6.9368540663384,2.57510729613734,2.45496572612785
"GGCCACAGGCC","-35.07 (-44.14 to -26.46)","-38.2 (±1.7)","-100.9 (-126.44 to -76.29)","-109.8 (±5)","-3.78 (-4.93 to -2.73)","-4.16 (±0.17)","75.53 (73.85 to 77.73)","74.9",8.54374232291525,8.44803037494067,9.57178841309825,0.837598883201483
"GGCGAGACGCC","-37.17 (-38.67 to -35.32)","-37 (±2.5)","-110.48 (-115.54 to -104.15)","-109.3 (±8)","-2.9 (-3.21 to -2.67)","-3.11 (±0.25)","66.06 (65.22 to 66.9)","65.4",0.458406363758937,1.07380107380108,6.98835274542429,1.00410771337288
"GGCUAACGGCC","-33.75 (-38.22 to -30.54)","-34.5 (±1.4)","-99.73 (-113.57 to -89.88)","-101.8 (±4.4)","-2.82 (-3 to -2.63)","-2.91 (±0.08)","64.57 (63.48 to 65.79)","65.6",2.1978021978022,2.05428472187763,3.14136125654451,1.58254590151341
"UAUAUAUA","-64.48 (-66.58 to -62.4)","-63.1 (±2.2)","-201.15 (-208.26 to -194.12)","-196.1 (±7.4)","-2.09 (-2.2 to -2)","-2.27 (±0.09)","20.66 (20.51 to 20.8)","21.1",2.16334848722371,2.54247954688484,8.25688073394496,2.1072796934866
